ride,start,bike,ploc,n_gps,dist_km,dur_min,avg_kmh,moving_kmh,p95_kmh,stops,stops_per_km,stop_share,turns,turns_per_km,acc_std,hard_brake,gps_acc_med,gps_dt_med,n_inc,n_scary,cl
VM2_-1000876027,2023-06-07 19:19:31.000000000,1,0,563,9.348614933730367,28.9,19.408889135772387,20.54806236573728,34.16005321090287,10,1.069677173665523,0.0645905420991926,8,0.8557417389324184,0.7313506286788098,9,9.648001,3.0,0,0,0
VM2_-1001458476,2023-03-16 20:45:25.000000000,1,0,391,5.352205657933655,19.6,16.38430303449078,16.748392419816504,23.66425917677269,3,0.5605165779743637,0.0255102040816326,17,3.1762606085213942,0.4570556337627001,3,10.72,3.0,0,0,0
VM2_-100411950,2023-06-05 11:54:23.000000000,1,2,140,1.7012385766462856,6.983333333333333,14.616846959252094,15.881348920662752,23.587457095587155,2,1.175614065807674,0.0859188544152744,4,2.351228131615348,0.4382087311957501,0,3.1,3.0,0,0,0
VM2_-1008601506,2023-05-31 13:53:39.000000000,0,0,45,0.8403057476699318,2.25,22.408153271198184,23.010860326450448,29.660615095378454,0,0.0,0.0222222222222222,2,2.380086064561337,0.3125493176200145,0,4.0,3.0,0,0,2
VM2_-1012335439,2023-06-27 17:32:19.999000072,1,5,140,2.1293811945948877,7.016666666666667,18.208485274445597,21.62885514119052,28.51402976198256,3,1.408860004782163,0.1638954869358669,2,0.9392400031881084,0.3915124490000027,0,6.0,3.0,0,0,2
VM2_-1015276992,2023-06-12 18:34:29.000000000,0,0,448,7.479842262657145,22.433333333333334,20.00552165346636,22.50418711600373,29.628735418259573,5,0.6684632943347386,0.113670133729569,2,0.2673853177338954,0.3104121256692895,0,9.935046,3.0,0,0,2
VM2_-1021468597,2023-01-25 19:24:32.000000000,1,0,69,0.8851373720641275,3.4833333333333334,15.246385356128512,15.86443107730106,25.95622559581405,1,1.129768137196619,0.0287081339712918,1,1.129768137196619,0.3436518850187651,0,8.576,3.0,0,0,0
VM2_-1021907510,2023-04-02 10:04:35.000000000,1,0,5474,41.26084515286749,276.6,8.950291790209869,14.665170137060938,24.718984123395348,81,1.9631202342051584,0.4038925042178838,133,3.223394952460322,0.3548751485262092,18,9.648001,3.0,0,0,1
VM2_-1026035527,2023-06-13 18:34:27.000000000,1,0,101,1.6913395819281984,5.033333333333333,20.16166389053481,21.32338163726721,25.58233854053304,2,1.182494645882949,0.0596026490066225,1,0.5912473229414745,0.2625290031034896,0,3.7900925,3.0,2,0,2
VM2_-1027431236,2023-06-12 19:15:14.000000000,1,0,158,2.030128191555677,7.9,15.41869512573932,16.950109808507314,20.476885827233573,3,1.477739195228413,0.0949367088607595,2,0.9851594634856086,0.3306838950794375,0,4.1125696000000005,3.0,3,1,1
VM2_-1036049213,2023-05-09 15:03:03.000000000,1,0,216,3.7753928794134,12.033333333333331,18.82467363696432,19.59636676625537,33.32009765404819,2,0.5297461916892605,0.0914127423822714,15,3.9730964376694535,0.7923933792340949,6,10.72,3.0,0,0,0
VM2_-1036349688,2023-06-09 05:32:39.000000000,3,0,912,11.210305629447172,45.9,14.65399428685905,19.002503222037607,24.25551048606388,25,2.230090849113884,0.2349310094408133,7,0.6244254377518876,0.2835288999559258,0,2.0,3.0,0,0,2
VM2_-1039898833,2023-06-01 10:28:40.000000000,1,0,215,2.818536125065737,10.816666666666666,15.634406857067264,18.668000628963945,25.79866853286228,5,1.7739705216243715,0.1710323574730354,11,3.902735147573617,0.4649661673568074,1,5.1624465,3.0,2,1,0
VM2_-1047795528,2023-04-17 17:21:40.000000000,1,0,314,4.453526145347786,15.85,16.858774051789727,18.19011607665804,25.99058422673721,3,0.6736235293316601,0.0788643533123028,15,3.368117646658301,0.5551066426118406,2,10.72,3.0,0,0,0
VM2_-1049807633,2023-06-05 15:21:10.000000000,1,5,413,5.373275660745832,21.0,15.352216173559524,16.327112518226432,21.230873953693777,4,0.7444248634444309,0.0674603174603174,10,1.8610621586110767,0.2484828558431586,0,4.073166,3.0,0,0,1
VM2_-1056809261,2023-06-17 14:01:53.000000000,1,0,218,3.294812337604313,11.166666666666666,17.70346927667989,17.437879653049052,26.253334146225253,1,0.3035074224370268,0.0223880597014925,7,2.124551957059188,0.6734726790714285,3,11.397674,3.0,2,0,0
VM2_-1059172863,2023-06-12 13:43:30.000000000,1,0,350,4.134848881721362,17.6,14.09607573314101,15.185926183805872,21.092482567454024,5,1.2092340356386786,0.0785984848484848,13,3.1440084926605643,0.2462652537522624,0,2.7,3.0,0,0,1
VM2_-1059353069,2023-01-11 09:19:47.000000000,1,0,252,3.969630614453892,13.066666666666666,18.22789567861481,19.403333082763627,31.62232730817424,4,1.007650431109517,0.0816326530612244,14,3.5267765088833087,0.7307874421094633,2,12.864,3.0,0,0,0
VM2_-1069647480,2023-06-10 18:09:20.000000000,1,4,258,3.297801805210328,13.0,15.22062371635536,16.272906576772538,20.758588727046053,4,1.2129291680537748,0.0692307692307692,3,0.9096968760403312,0.2346226468057679,0,1.8,3.0,0,0,1
VM2_-1076769681,2023-06-08 11:27:08.000000000,1,0,260,3.929324261346746,13.05,18.065858672858603,18.23585372237936,22.970762822492823,1,0.2544966853046782,0.0114942528735632,14,3.5629535942654957,0.1916765790297634,0,1.9,3.0,0,0,0
VM2_-1078277548,2023-06-12 17:01:06.000000000,1,0,571,7.876482716076427,28.683333333333334,16.476082381101186,18.238368489932245,23.285660172110504,6,0.7617613364089024,0.0993608367228355,4,0.5078408909392682,0.2979465457074558,0,4.3312273,3.0,5,0,2
VM2_-1079286636,2023-05-08 17:34:21.000000000,1,5,1012,16.614198585203066,51.18333333333333,19.47610384458842,23.036397561584963,28.54208630487309,18,1.0834106687536018,0.1595571475089547,13,0.7824632607664902,0.2504099517871576,0,3.216,3.0,0,0,2
VM2_-1086366054,2023-05-24 08:20:24.000000000,1,5,996,16.601924066130778,50.3,19.80348795164705,23.390328636144208,29.24687317036625,18,1.0842116810256592,0.1603711066931742,7,0.4216378759544231,0.2427198562672227,0,3.216,3.0,0,0,2
VM2_-1087997760,2023-06-23 16:35:29.000000000,1,4,538,5.785223329031815,27.116666666666667,12.80074000277476,15.662197765815202,21.793605467626108,12,2.0742500881134105,0.1929932390903503,6,1.0371250440567052,0.2548744392066825,0,1.8,3.0,0,0,1
VM2_-1088941493,2023-05-03 08:04:34.000000000,0,0,363,5.470616894535652,18.466666666666665,17.774567527372156,20.68330909369157,28.97539675271227,9,1.645152671719653,0.1471119133574007,5,0.9139737065109184,0.3177826532383312,0,3.0,3.0,0,0,2
VM2_-108919058,2023-03-27 10:42:59.000000000,1,0,66,1.1410714812029426,3.333333333333333,20.53928666165297,22.11651143666401,34.384630843517755,1,0.8763692866513306,0.09,3,2.629107859953992,0.8321952385125351,2,10.72,3.0,0,0,0
VM2_-1091813223,2023-06-05 14:08:51.000000000,1,0,619,6.619862176107751,28.916666666666668,13.735737080108304,18.206769033105736,25.0460999798188,17,2.568029295436995,0.2564841498559078,3,0.4531816403712344,0.4974174332612374,5,6.137652,3.0,9,2,2
VM2_-1098563710,2023-04-17 06:49:47.167000055,1,0,242,3.9871510853364183,12.963883332411449,18.45350339755684,19.738382485120717,31.42458942572934,4,1.003222580330812,0.0848511184337684,12,3.009667740992436,0.7721049197516957,3,11.792,3.0,0,0,0
VM2_-1100900788,2023-05-15 17:30:18.000000000,1,5,908,16.575695854033768,45.81666666666667,21.70698620390017,25.945284196743074,32.778451328396145,16,0.965268676554917,0.167697344488905,8,0.4826343382774585,0.2827436517910002,0,3.216,3.0,0,0,2
VM2_-110589953,2023-06-21 18:44:54.000000000,0,0,463,7.39033885990167,23.2,19.112945327331907,20.95420277701594,26.82416397183805,7,0.9471825490953384,0.0926724137931034,5,0.6765589636395274,0.293391792923401,0,9.935046,3.0,0,0,2
VM2_-110853624,2023-06-19 07:27:21.000000000,2,5,401,7.1035279546095165,20.366666666666667,20.92692359786764,22.93372806062665,29.698001069929035,6,0.8446507198027663,0.0932896890343698,9,1.2669760797041494,0.425044132651131,1,6.432,3.0,2,0,2
VM2_-1109933297,2023-06-04 09:41:27.000000000,0,0,441,7.3983989084088355,22.1,20.086150882557924,22.19677872083105,28.75375611268973,5,0.6758218990215741,0.0980392156862745,4,0.5406575192172592,0.295854134916444,0,9.935046,3.0,0,0,2
VM2_-1111332019,2023-06-09 18:30:41.000000000,0,0,366,5.636768455466754,18.716666666666665,18.069783116367155,18.93207506460741,26.258153384327976,4,0.7096264520357665,0.0525378450578806,7,1.2418462910625914,0.2211116434545863,0,3.0,3.0,0,0,2
VM2_-1119547200,2023-06-07 06:50:37.000000000,1,4,105,1.0348259243175018,5.316666666666666,11.678286293238266,14.386054968837046,21.3198350255867,5,4.831730518635439,0.2037617554858934,2,1.9326922074541757,0.2751505499095925,0,1.7,3.0,0,0,1
VM2_-1121568916,2023-06-14 15:22:39.000000000,1,0,882,10.858216499029757,44.25,14.723005422413232,17.19610739256482,22.16040659606894,17,1.5656346510975394,0.1483992467043314,10,0.9209615594691408,0.2479718105497248,0,1.8,3.0,0,0,1
VM2_-1124184488,2023-06-07 15:25:07.000000000,1,0,50,0.735225399061243,2.466666666666667,17.88386105824645,18.19857251059788,28.453567282744423,0,0.0,0.0202702702702702,0,0.0,0.5292224276117273,0,4.288,3.0,0,0,2
VM2_-1130940759,2023-06-18 07:55:11.000000000,1,4,2344,18.192477825073027,117.98333333333332,9.251719193426036,13.4390721349259,21.972110022439995,70,3.847744143105422,0.3330978951829354,27,1.484129883769234,0.199562706753086,0,3.0,3.0,0,0,1
VM2_-1131542747,2023-06-02 15:50:56.000000000,1,5,209,2.298324916278757,10.466666666666669,13.17511098503746,20.153484862240678,28.073402896861055,10,4.350994904667835,0.3550955414012738,8,3.4807959237342683,0.4587681639085318,0,4.0,3.0,1,1,1
VM2_-1131782276,2023-06-16 09:02:36.000000000,1,4,90,1.0159233222430315,4.483333333333333,13.595999851579604,14.309536587412298,19.976505866436792,1,0.984326255836046,0.0557620817843866,0,0.0,0.3250787417343556,0,1.9,3.0,0,0,1
VM2_-1132364598,2023-06-12 14:24:53.000000000,0,0,67,1.0382899539461694,3.35,18.596237981125423,20.456088367121424,26.118291689644728,2,1.9262441983558771,0.0945273631840796,0,0.0,0.3214288937733533,0,5.0,3.0,0,0,2
VM2_-1140011657,2023-06-19 18:18:46.000000000,1,0,652,7.290101421264612,32.9,13.295017789540326,16.141497572863543,23.274462549820104,15,2.05758454282217,0.2036474164133738,19,2.606273754241416,0.5060835441432567,6,5.3298115500000005,3.0,2,0,1
VM2_-114064348,2023-04-29 13:41:19.000000000,1,0,75,1.0128135176590634,3.8333333333333335,15.852733319880992,17.891201342845715,33.736655273835886,1,0.987348591388591,0.1565217391304348,6,5.924091548331546,0.7323619903761762,1,8.576,3.0,0,0,0
VM2_-1143123230,2023-06-16 15:01:15.000000000,1,0,258,3.860523925095269,13.15,17.614557833134306,19.68015992281205,26.117678967124636,4,1.0361287943323103,0.108998732572877,7,1.8132253900815436,0.4961068574674879,2,12.864,3.0,0,0,0
VM2_-1146073783,2023-06-01 11:47:50.855999947,3,2,1735,5.944518336357838,99.03573333422342,3.60143847249341,13.20011573826497,20.41838773448465,80,13.4577766394805,0.7599950455524828,41,6.897110527733757,0.4767038819124496,5,2.4,3.0,0,0,1
VM2_-115578259,2023-03-17 17:43:14.000000000,1,0,255,3.3502709526882763,12.983333333333333,15.482638549008724,15.987709195240331,25.57504516090376,3,0.89544996281354,0.0462130937098844,21,6.268149739694779,0.5686018097818824,1,10.72,3.0,0,0,0
VM2_-1159023389,2023-06-09 15:04:44.000000000,1,5,660,7.100980789129464,33.166666666666664,12.845995397420136,15.051679842250657,19.742804540138984,13,1.8307330192895397,0.1542713567839196,5,0.7041280843421306,0.2076841381358936,0,5.0711615000000005,3.0,0,0,1
VM2_-1166684000,2023-04-01 17:18:14.000000000,1,0,254,3.793239215967295,13.633333333333333,16.693962319660468,18.351862614447786,25.775790667590236,6,1.5817615653512034,0.1100244498777506,8,2.109015420468271,0.4870350066837344,1,12.864,3.0,0,0,0
VM2_-1178231516,2023-06-21 05:42:57.000000000,1,5,846,7.322164160746126,43.583333333333336,10.080225995673445,15.78171304573165,21.073088122746864,25,3.414291110000532,0.3736137667304015,12,1.6388597328002552,0.2075043502586386,0,4.12771135,3.0,0,0,1
VM2_-1181036488,2023-02-20 20:34:42.000000000,1,0,124,1.584727037690872,6.25,15.213379561832374,15.841505949156652,21.71652015160124,2,1.262046997642085,0.04,5,3.155117494105212,0.3360895643725897,0,9.648001,3.0,0,0,1
VM2_-1185285964,2023-06-18 16:19:04.000000000,0,0,505,7.389703359151897,25.316666666666663,17.513451015764865,19.60676797758377,25.928631661754903,10,1.3532342929050514,0.1119157340355497,2,0.2706468585810103,0.321696941243107,1,3.7900925,3.0,0,0,2
VM2_-119352943,2023-06-15 07:07:29.000000000,0,0,190,3.178922124858345,9.633333333333333,19.79951496451564,21.62787603016075,32.91560491320821,5,1.572860171975054,0.0899653979238754,8,2.5165762751600864,0.391131249242968,1,5.0,3.0,0,0,2
VM2_-119492191,2023-06-06 17:01:41.000000000,1,2,457,5.025398566632759,22.966666666666665,13.1287625833657,17.706532348796088,23.71635946307241,7,1.3929243436486896,0.262699564586357,7,1.3929243436486896,0.2476692565829839,0,2.7,3.0,0,0,1
VM2_-1197402616,2023-01-09 18:44:15.000000000,1,0,271,4.495362537097807,13.833333333333334,19.49795799223145,19.715264069456296,27.3510251232409,1,0.2224514689855463,0.0144578313253012,13,2.891869096812103,0.5695026117081295,3,12.864,3.0,0,0,0
VM2_-1215174612,2023-06-18 21:28:54.000000000,1,0,402,5.330706581408209,20.433333333333334,15.652972017185606,17.372245262129614,23.32942902845293,6,1.1255543535121726,0.1101141924959216,7,1.3131467457642014,0.5505139180999503,3,11.0079305,3.0,8,3,0
VM2_-1215384519,2023-05-29 18:09:59.999000072,1,0,147,2.571852237364443,7.366666666666666,20.947212793013566,20.9451864845786,25.75770972817822,0,0.0,0.0,2,0.7776496530179898,0.2689223262256523,0,4.553891,3.0,1,0,2
VM2_-1218049295,2023-06-26 15:28:22.000000000,1,0,213,2.4483263982300967,10.7,13.72893307418746,14.473613078779636,19.03185745631677,3,1.2253268200550016,0.0560747663551401,1,0.4084422733516672,0.2037213678422329,0,2.4,3.0,0,0,1
VM2_-1219387110,2023-06-06 15:14:28.000000000,2,5,421,7.292479096137384,21.383333333333333,20.462139318857822,23.64797287647624,30.46601714534025,9,1.2341482068515,0.1379579111457521,7,0.9598930497733889,0.41816811241612,0,6.432,3.0,1,0,2
VM2_-1226623314,2023-02-08 08:33:11.000000000,1,0,246,3.880012974231744,13.1,17.7710517903744,18.30159788760582,26.88951927451733,3,0.7731932908275931,0.0318066157760814,12,3.092773163310373,0.5827457425890991,4,12.864,3.0,0,0,0
VM2_-1227277746,2023-05-06 16:47:44.000000000,1,0,274,4.513588221908423,14.933333333333334,18.134952677310626,18.61908399367133,32.19231063420705,4,0.8862128761734341,0.0535714285714285,27,5.981936914170681,0.7661702082236058,3,12.864,3.0,0,0,0
VM2_-1229058962,2023-06-03 07:17:38.000000000,1,4,1774,11.482072932555504,89.23333333333333,7.720482360328693,12.171793908315015,17.503827560593333,44,3.832060661733417,0.3888681359731042,27,2.3514917697000515,0.1649264351856702,0,3.0,3.0,0,0,1
VM2_-1239567562,2023-06-20 05:33:32.000000000,3,0,399,5.101089465790322,20.03333333333333,15.277805388390314,17.085562336377414,24.97460757073868,10,1.9603655389821084,0.1156405990016638,3,0.5881096616946325,0.3144998360328317,0,2.4,3.0,0,0,2
VM2_-1242546229,2023-06-01 15:08:52.000000000,3,2,900,14.727486360364749,45.06666666666667,19.60760018391756,20.738805251237697,28.79825689967245,6,0.4074014976613702,0.0565828402366863,17,1.1543042433738822,0.39453238153812,2,2.2,3.0,0,0,2
VM2_-1250484299,2023-02-20 18:24:02.000000000,1,0,134,1.5656176309176877,6.75,13.91660116371278,15.943508367241892,20.665038665602044,1,0.6387255612431046,0.1358024691358024,4,2.5549022449724186,0.2836692245328567,0,5.36,3.0,0,0,1
VM2_-1252506660,2023-06-22 05:32:57.000000000,3,0,829,11.160086997405063,41.68333333333333,16.06409963640873,19.31892197944722,23.623843771931966,18,1.6128906525715567,0.1731307477009196,7,0.6272352537778276,0.2452184980317804,0,2.2,3.0,0,0,2
VM2_-125324579,2023-06-19 18:13:27.000000000,0,0,500,7.587607922318469,25.05,18.17391119118196,20.29321896478975,26.13338574412583,10,1.3179384204322988,0.1097804391217564,2,0.2635876840864598,0.2867349324477822,0,9.935046,3.0,0,0,2
VM2_-125588010,2023-03-20 07:18:21.000000000,1,0,249,3.944382291947809,12.95,18.2751303101829,19.5536805511232,36.70790199530924,4,1.0141004861941831,0.1158301158301158,9,2.2817260939369124,0.7077382728853416,5,12.864,3.0,0,0,0
VM2_-1259829295,2023-06-13 06:28:39.000000000,1,4,214,0.9855400200845108,10.716666666666669,5.517797935154337,5.991416969306473,6.988551610944469,3,3.0440164162412686,0.104199066874028,3,3.0440164162412686,0.0797960944875295,0,3.0,3.0,0,0,1
VM2_-1267829926,2023-01-13 07:21:30.000000000,1,0,225,3.6854151494394354,11.6,19.06249215227294,19.43160358575585,30.90151388287064,2,0.542679703344739,0.0474137931034482,5,1.3566992583618476,0.6655286428257544,4,10.72,3.0,0,0,0
VM2_-1269849296,2023-06-04 10:34:19.000000000,1,0,232,3.90038440644191,12.1,19.34074912285245,20.052592631403243,38.70184288767422,4,1.0255399425229892,0.071625344352617,10,2.563849856307473,0.7211274271683283,3,10.72,3.0,0,0,0
VM2_-1274870892,2023-06-08 12:13:19.000000000,1,4,138,1.28473356749319,6.933333333333334,11.11788664176799,13.404568718805498,18.91316535194669,4,3.1134860185874325,0.1802884615384615,2,1.5567430092937162,0.2555507711692364,0,1.8,3.0,0,0,1
VM2_-1282938014,2023-06-12 18:48:20.000000000,1,0,331,6.250303113568839,16.716666666666665,22.433789839329837,22.39102828083196,32.68219285187599,0,0.0,0.0,0,0.0,0.7193031955833107,7,11.792,3.0,0,0,2
VM2_-1283156127,2023-06-04 15:21:46.000000000,0,0,461,7.578757921799155,23.116666666666667,19.6708929477123,21.62370537659953,28.9389046531817,9,1.187529684001762,0.0951694304253785,4,0.5277909706674497,0.3284241008539828,0,9.935046,3.0,0,0,2
VM2_-1284441852,2023-06-21 06:35:44.000000000,0,0,443,7.421767785409173,22.23333333333333,20.028758641284128,21.58432433672533,26.28115004321632,6,0.8084327310530656,0.0742128935532233,3,0.4042163655265328,0.2532841155549331,0,3.7900925,3.0,0,0,2
VM2_-1284785904,2023-06-14 05:30:56.000000000,3,0,628,8.380905688207374,31.58333333333333,15.921509486831953,18.576959163893346,25.29756780354678,15,1.7897826986773324,0.1472295514511873,11,1.312507312363377,0.2499133753306349,0,2.1,3.0,0,0,2
VM2_-1287240246,2023-06-27 06:35:13.000000000,1,0,311,3.3881689801694703,15.633333333333333,13.003633612590717,13.280723326903663,17.769528621717722,1,0.2951446654086248,0.0223880597014925,14,4.132025315720748,0.2053226386264838,0,2.0,3.0,0,0,1
VM2_-1289043854,2023-04-14 07:54:25.000000000,1,0,278,3.920692534451237,14.083333333333334,16.70354215860882,18.1798308619012,25.22587896497212,4,1.020227922708013,0.0852071005917159,8,2.040455845416026,0.5640428086320124,2,9.648001,3.0,0,0,0
VM2_-1289624289,2023-06-22 07:32:44.000000000,0,0,311,5.206330218003306,15.8,19.770874245582178,21.7249230224077,29.88773714615633,5,0.9603693562713668,0.0938818565400844,4,0.7682954850170934,0.2718329215177258,0,3.0,3.0,1,1,2
VM2_-1293421047,2023-04-26 15:24:01.000000000,1,0,57,0.739047418537748,2.816666666666667,15.74302193334848,15.742617046563744,25.16522418673877,0,0.0,0.0,1,1.3530931506107728,0.3345149991380816,0,10.72,3.0,0,0,0
VM2_-1295325553,2023-06-12 18:31:53.000000000,1,0,631,7.723323615848884,31.78333333333333,14.579950192478227,16.400595052583878,23.749653781267572,8,1.0358234871297316,0.124278972207656,15,1.942169038368247,0.5337835454199453,3,6.1360717,3.0,7,2,0
VM2_-1296996026,2023-04-11 16:12:15.000000000,1,0,305,4.2100423887132665,16.333333333333332,15.46546183608955,18.377379449507508,28.16836480994361,8,1.9002183971941131,0.1591836734693877,8,1.9002183971941131,0.5540868004185148,2,10.72,3.0,0,0,0
VM2_-13206832,2023-06-03 16:20:52.000000000,1,0,458,5.5071009840377645,23.1,14.30415840009809,18.50703728634484,24.50972353046569,12,2.179004894731691,0.2424242424242424,6,1.0895024473658457,0.5041988607411778,3,5.9965662,3.0,9,4,1
VM2_-1321748097,2023-01-20 08:49:19.000000000,1,0,219,3.7684961439726448,11.25,20.09864610118744,19.86617395753041,33.33271230805595,0,0.0,0.0088888888888888,4,1.0614313633828774,0.7517418470915468,5,11.792,3.0,0,0,0
VM2_-1325666050,2023-03-29 16:12:36.000000000,1,0,281,4.015279674137672,14.3,16.847327304074145,18.510762702762207,26.436765543020822,4,0.9961946177158996,0.099067599067599,9,2.2414378898607743,0.4559784139400889,2,12.864,3.0,0,0,0
VM2_-1326907475,2023-06-13 13:45:21.000000000,1,5,443,4.891795444901487,22.25,13.191358503105134,15.838299672339623,20.582342998849665,9,1.8398152787398996,0.1760299625468165,7,1.4309674390199218,0.2608110819199626,0,3.7900925,3.0,0,0,1
VM2_-1328212360,2023-03-29 07:15:20.000000000,1,0,249,3.999112703591877,12.9,18.60052420275292,19.525923195928375,29.180861974695777,3,0.7501664049891603,0.0697674418604651,10,2.500554683297201,0.5539040498216224,2,12.864,3.0,0,0,0
VM2_-1329909842,2023-06-07 13:52:34.000000000,0,0,261,3.68406551598524,13.25,16.682560827102975,19.48368991100568,30.05028825759013,9,2.442953297369117,0.1534591194968553,13,3.5287103184220583,0.3414452121419546,0,5.0,3.0,0,0,0
VM2_-1346825346,2023-01-30 18:13:06.000000000,1,0,310,4.490426232841188,16.133333333333333,16.699932270896984,17.763437909610445,27.656268427758167,4,0.8907840353206548,0.0867768595041322,12,2.6723521059619646,0.6460597977421707,4,9.648001,3.0,0,0,0
VM2_-1354161356,2023-06-18 07:28:19.000000000,1,0,535,7.242843608052438,26.883333333333333,16.165057029751257,20.341946121634635,26.763886487501715,13,1.7948751489742063,0.21264724116553,7,0.9664712340630344,0.3730134845601589,0,5.410479,3.0,4,3,2
VM2_-1356277634,2023-06-03 11:01:31.000000000,8,0,435,6.527697377859122,22.0,17.80281103052488,19.628865480963032,26.36295633728444,6,0.91916025708407,0.1007575757575757,14,2.1447072665294966,0.400703657944742,1,10.72,3.0,0,0,0
VM2_-1361119738,2023-06-06 11:18:44.000000000,1,4,261,2.9444118227801024,13.15,13.434578659072711,14.960677544185884,19.16273280219436,3,1.018879212747968,0.1077313054499366,4,1.3585056169972909,0.1979771655995519,0,1.8,3.0,0,0,1
VM2_-1361660857,2023-04-29 13:16:25.000000000,1,0,229,3.298197393496286,11.5,17.207986400850185,17.645595578227926,24.489724945510343,1,0.3031959221033585,0.0304347826086956,8,2.4255673768268684,0.3489905754861623,0,11.792,3.0,0,0,0
VM2_-1362642671,2023-05-04 13:28:58.000000000,0,0,562,8.193952565801979,28.666666666666668,17.150133277259958,19.39142141947205,25.694780217553177,13,1.5865359111616522,0.1244186046511627,8,0.9763297914840936,0.2598473641588417,0,3.0,3.0,0,0,2
VM2_-1370011030,2023-06-26 12:02:26.000000000,1,0,127,1.4494270805698934,6.35,13.695373989636789,16.447271926035405,23.865863192610885,3,2.0697833235049288,0.1758530183727034,3,2.0697833235049288,0.5153887771984873,0,5.8969274,3.0,0,0,1
VM2_-1372393104,2023-05-17 17:13:14.000000000,1,5,951,16.474714729441327,47.98333333333333,20.600546379294467,25.44357644843645,32.37990294838534,15,0.9104861751077292,0.1941646405001736,7,0.4248935483836069,0.2818847633195409,0,3.216,3.0,0,0,2
VM2_-1373066712,2023-01-02 16:55:11.000000000,1,0,651,8.611833271153374,33.6,15.37827369848817,16.61099009401213,25.235585329783355,8,0.9289543524718712,0.087797619047619,21,2.438505175238662,0.4702867520420582,1,8.576,3.0,0,0,0
VM2_-1375272340,2023-06-09 11:23:27.000000000,1,0,276,3.5581523695828348,13.816666666666666,15.451566381783117,16.60488801419283,21.286497426600032,4,1.1241789514677158,0.0723763570566948,5,1.4052236893346448,0.2677713659302341,0,3.0,3.0,0,0,1
VM2_-1376980883,2023-06-17 17:59:45.000000000,1,5,51,0.5957335040418604,2.5166666666666666,14.202917977156938,15.397729567738704,20.56669125749721,1,1.678602920962681,0.0794701986754966,2,3.357205841925362,0.2708027290854335,0,4.288,3.0,0,0,1
VM2_-1390423544,2023-06-06 12:05:52.000000000,1,4,136,1.3120826135210732,6.833333333333333,11.5207253870143,13.08252666291167,17.1703193217845,4,3.04858852543263,0.1317073170731707,5,3.8107356567907873,0.2254340708996896,0,1.7,3.0,0,0,1
VM2_-1398139061,2023-02-21 15:01:40.000000000,1,0,273,4.0083960671639245,13.716666666666669,17.533688750656292,19.06460082228611,28.840223471937456,4,0.9979053798518804,0.0850546780072904,9,2.245287104666731,0.7682505243461638,6,8.576,3.0,0,0,0
VM2_-140265061,2023-04-17 19:57:09.000000000,1,0,177,2.38517402827697,9.033333333333331,15.84248432065884,16.677696561107112,23.899249040077542,1,0.4192566194938789,0.0571955719557195,9,3.773309575444911,0.4332551544632422,0,8.576,3.0,0,0,0
VM2_-1411083371,2023-06-08 10:28:58.000000000,1,2,290,3.799070713611654,14.216666666666669,16.03359269519573,17.403909206035877,22.196455736881223,2,0.5264445309833847,0.0808909730363423,12,3.1586671859003084,0.2255208689928428,0,2.5,3.0,0,0,1
VM2_-1415747378,2023-06-14 07:24:13.999000072,1,0,592,8.546132036131889,29.85001666545868,17.17814525582055,19.459241630981115,25.419494155214515,10,1.170119997879901,0.1194862537813548,7,0.8190839985159307,0.2908218230080563,0,5.316026450000001,3.0,0,0,2
VM2_-1427756084,2023-06-21 20:19:15.000000000,1,0,275,3.014347717938235,13.783333333333331,13.121707115571516,16.427760083079946,20.107791733523545,6,1.9904803829678623,0.2079806529625151,5,1.6587336524732186,0.2537155571427805,0,3.7900925,3.0,1,1,1
VM2_-142811850,2023-06-29 10:37:50.000000000,1,0,202,1.838016134832072,10.116666666666667,10.900919415808003,14.658421619335344,20.68482921685872,7,3.808454053989873,0.2751235584843493,7,3.808454053989873,0.3029995743245511,0,4.762338400000001,3.0,2,1,1
VM2_-1430600995,2023-02-19 18:15:41.000000000,1,0,371,4.787874720535904,18.9,15.199602287415573,17.560536618211298,24.563619394946603,4,0.8354437476911013,0.1375661375661375,15,3.13291405384163,0.4333228671370088,2,10.72,3.0,0,0,0
VM2_-1443246348,2023-06-18 02:54:42.000000000,1,0,161,1.969393442371412,8.216666666666667,14.380966313462643,16.115879651171213,24.770993639148823,4,2.0310822174686782,0.1359026369168357,5,2.538852771835848,0.7667158738502504,3,11.792,3.0,0,0,0
VM2_-1447329653,2023-06-01 07:38:46.000000000,1,1,493,7.759140130085862,24.8,18.772113217949663,22.1461274890938,31.343710789499227,12,1.54656312411092,0.1565860215053763,8,1.0310420827406133,0.3865369854669254,0,3.216,3.0,4,4,2
VM2_-1455626862,2023-06-26 17:23:21.000000000,1,0,510,6.802159075958498,25.7,15.880527025584042,17.78353728373072,26.210574058418583,7,1.029085018717182,0.1199740596627756,16,2.352194328496416,0.4950428037584704,3,5.87474345,3.0,9,3,0
VM2_-1456090071,2023-06-03 08:13:01.000000000,8,0,323,6.370816389302105,16.3,23.450857874731675,25.023730786523267,32.221653093303495,3,0.4708972628747565,0.0674846625766871,11,1.7266232972074402,0.5095350523115121,1,11.792,3.0,0,0,2
VM2_-1456483075,2023-06-08 15:21:31.000000000,3,0,798,10.713340053974036,40.05,16.04994764640305,18.22794433632269,25.253516340366595,18,1.68014829262542,0.1248439450686641,7,0.6533910026876633,0.3808145716029161,0,2.5,3.0,0,0,2
VM2_-1456775240,2023-02-12 20:15:34.000000000,1,0,331,4.599309391262792,17.433333333333334,15.829363105684562,17.572247333541238,28.97568008053581,8,1.7393915736996135,0.1376673040152963,6,1.3045436802747103,0.6323577433402198,3,9.648001,3.0,0,0,0
VM2_-1460743826,2023-06-20 14:09:56.000000000,1,5,397,5.85433252392806,19.883333333333333,17.66604952736045,21.2044997776414,28.34026509605097,7,1.1956956615274794,0.173512154233026,2,0.3416273318649941,0.3028327218840849,0,3.9659696,3.0,0,0,2
VM2_-1461490079,2023-04-28 22:35:10.000000000,1,0,215,2.9408153127339967,11.133333333333333,15.848705278207166,15.893212211429924,26.100975109404537,0,0.0,0.0044910179640718,14,4.760584569652753,0.4109278404842548,1,11.792,3.0,0,0,0
VM2_-1461558646,2023-06-08 07:43:20.000000000,1,1,474,7.731461651119237,23.883333333333333,19.423071838122297,23.30898943297565,33.72965444594357,11,1.4227581402292278,0.1723656664340544,5,0.6467082455587398,0.4111898764612707,0,4.288,3.0,1,1,2
VM2_-1463884613,2023-06-22 08:45:49.000000000,2,5,468,8.024300899587445,23.83333333333333,20.20103722973063,21.407075157705886,25.95965952844969,4,0.498485793348758,0.058041958041958,8,0.996971586697516,0.2980860276955187,0,4.288,3.0,0,0,2
VM2_-146428621,2023-06-14 05:49:29.000000000,1,5,660,8.0114547186479,33.18333333333333,14.485804614330709,16.347820306450203,22.16747025418823,9,1.1233914833283782,0.1205424409844299,10,1.2482127592537535,0.2491908751252309,0,5.3128066,3.0,0,0,1
VM2_-1467941226,2023-01-18 09:55:37.000000000,1,0,247,3.903447542200472,12.6,18.587845439049868,19.113693249969195,29.86651224698612,2,0.5123675874666807,0.0436507936507936,14,3.5865731122667643,0.65353909418087,2,11.792,3.0,0,0,0
VM2_-1477393934,2023-03-16 17:13:29.000000000,1,0,369,5.525167464443321,18.766666666666666,17.66483381171932,19.76918665933979,29.58678574781857,11,1.990889881761853,0.1332149200710479,11,1.990889881761853,0.6616409443077045,4,6.432,3.0,0,0,0
VM2_-1486430172,2023-02-19 15:28:16.000000000,1,0,575,8.698167261637897,29.15,17.90360328295965,19.20748924698747,27.449678586190704,10,1.149667475826047,0.0777587192681532,7,0.8047672330782328,0.4942192235785878,2,10.72,3.0,0,0,2
VM2_-1487150218,2023-06-19 14:59:03.000000000,1,5,925,10.64819267377232,46.583333333333336,13.715024552980443,16.27170479094607,21.373502263364436,16,1.502602412464772,0.1652951699463327,8,0.751301206232386,0.2254928742286777,0,3.7900925,3.0,0,0,1
VM2_-1489064661,2023-06-12 11:04:52.000000000,3,0,852,10.780451433951502,42.8,15.11278238404416,18.676696318302184,24.43936551037434,14,1.2986469152774982,0.1935358255451713,4,0.3710419757935709,0.361502739313785,1,2.2,3.0,0,0,2
VM2_-1489390480,2023-01-10 21:19:26.000000000,1,0,532,7.583029539578078,27.7,16.4253347427684,17.31687131374599,27.748929991207586,3,0.3956202444342477,0.0385078219013237,18,2.373721466605486,0.5397591347217398,3,11.792,3.0,0,0,0
VM2_-149158191,2023-06-05 12:29:21.000000000,3,0,947,11.28299295924791,47.61666666666667,14.217281992752005,17.956117235250616,24.90200925353673,21,1.8612082871848037,0.2121106055302765,6,0.5317737963385153,0.3889494007173948,0,2.4,3.0,0,0,2
VM2_-1492906530,2023-06-02 13:44:58.000000000,1,1,415,6.197773296638902,20.616666666666667,18.037173700808445,22.29430372441981,30.379149664211408,10,1.6134827011860975,0.1988682295877122,3,0.4840448103558293,0.4607541086309657,0,4.288,3.0,0,0,2
VM2_-1502284035,2023-06-12 06:36:39.000000000,1,0,260,3.3800516707295203,13.033333333333331,15.56034017215636,16.104283118868057,21.90433713099133,2,0.5917069307903029,0.0370843989769821,8,2.366827723161212,0.2560026585938261,0,3.0,3.0,0,0,1
VM2_-1502792946,2023-06-22 06:09:38.000000000,1,5,591,6.386396857594907,29.766666666666666,12.872916398287606,16.109289141734788,22.196103086058844,15,2.3487422304740617,0.2127659574468085,14,2.192159415109124,0.2743047613131972,0,4.1937556,3.0,0,0,1
VM2_-1503249398,2023-04-29 15:36:00.000000000,1,0,309,3.816448515599657,15.666666666666666,14.61618580442422,16.07965714517491,24.364943804850927,4,1.0480948409627642,0.0968085106382978,13,3.406308233128984,0.4792849898655447,1,11.792,3.0,0,0,0
VM2_-1511883539,2023-06-11 06:46:14.000000000,1,4,69,0.9404200470573736,3.433333333333333,16.43452509420653,17.194298738468916,23.670170225451635,1,1.0633546181082116,0.0436893203883495,0,0.0,0.3048749964608473,0,1.9,3.0,0,0,2
VM2_-1512077080,2023-06-28 05:55:58.000000000,2,5,7803,84.88363458864752,409.35,12.44171998367864,22.553592228635907,30.73010220654825,88,1.0367133832858904,0.4565775009160864,78,0.91890504427613,0.2425161906587957,1,3.7900925,3.0,0,0,2
VM2_-1512566873,2023-06-04 14:39:41.000000000,1,1,391,4.717034793246081,19.73333333333333,14.342335520004974,22.285859070657363,31.429581908096363,16,3.3919614124765483,0.3724662162162162,2,0.4239951765595685,0.4436403116659911,0,9.648001,3.0,0,0,2
VM2_-1514766137,2023-02-13 21:05:51.000000000,1,0,266,3.728470554907005,13.483333333333333,16.59146353234267,16.693123214346816,23.11825248637216,1,0.2682064898390868,0.0111248454882571,12,3.218477878069042,0.3251541545483724,0,9.648001,3.0,0,0,0
VM2_-151642261,2023-06-01 13:28:31.000000000,0,0,3250,51.41265863329527,165.25,18.66722855066696,19.942714708321915,27.878188645824103,25,0.4862615679596423,0.0681795259707513,58,1.1281268376663702,0.2395574557403134,0,3.5,3.0,0,0,2
VM2_-1520433367,2023-04-16 15:16:54.000000000,1,0,501,6.946910294756176,25.3,16.474886074520576,18.615612508338337,25.703722333785173,5,0.7197444313876075,0.1231884057971014,15,2.159233294162822,0.5619386829167038,3,11.792,3.0,0,0,0
VM2_-1531074941,2023-06-12 07:06:13.000000000,2,5,401,7.1042815229635625,20.466666666666665,20.82688394354139,22.897752247317584,28.886247630051635,5,0.7038009380453496,0.1009771986970684,6,0.8445611256544195,0.5078622579822131,2,5.36,3.0,2,0,2
VM2_-1549766025,2023-04-12 07:21:19.000000000,1,0,288,4.027275591099454,14.9,16.21721714536693,18.355078249664604,27.003864856837524,6,1.4898409270178572,0.1387024608501118,17,4.221215959883929,0.5458066821858821,3,12.864,3.0,0,0,0
VM2_-1560811419,2023-06-09 06:17:48.000000000,1,5,644,7.269208177116436,32.38333333333333,13.468424826360868,16.995159882786925,24.211087780239517,18,2.4761981719913098,0.2182192485846629,11,1.5132322162169116,0.3138762530505652,0,6.31308525,3.0,0,0,1
VM2_-1564283249,2023-06-03 10:40:11.000000000,1,0,95,1.2326050377628597,4.733333333333333,15.624570901219348,15.92115757940407,21.893674368099216,1,0.8112898855378438,0.0211267605633802,3,2.433869656613531,0.2170185779855307,0,5.1454306,3.0,0,0,1
VM2_-1565458076,2023-06-03 09:17:29.000000000,1,4,121,1.0521153099591565,6.066666666666666,10.405536032563086,14.351861775103778,19.82443705574798,5,4.752330806966493,0.2912087912087912,0,0.0,0.2559549295902713,0,1.7,3.0,0,0,1
VM2_-1574371560,2023-06-06 06:18:46.000000000,1,2,191,2.950500870902437,9.55,18.53717824650746,18.535131827979768,22.118349418406734,0,0.0,0.0,2,0.6778510115769876,0.1357530802252452,0,2.0,3.0,0,0,2
VM2_-1574773106,2023-02-02 07:59:16.000000000,1,0,290,3.981030025574603,14.883333333333333,16.0489452318797,17.82991413746782,31.473949114741767,7,1.7583389110434184,0.1243001119820828,8,2.009530184049621,0.6566416460754281,4,10.72,3.0,0,0,0
VM2_-1580795284,2023-06-01 11:41:09.000000000,0,0,473,7.651263836025901,24.0,19.12815959006475,20.66028190512305,27.26279548412036,6,0.7841841725218073,0.0763888888888889,12,1.5683683450436146,0.2708500928723267,0,3.0,3.0,1,0,2
VM2_-1581717917,2023-05-10 19:04:38.000000000,1,0,632,10.855202436974084,32.18333333333333,20.237560213934074,20.3011076452715,26.94481624362337,3,0.2763651822633589,0.0139823925427239,7,0.6448520919478373,0.5420488652528022,9,12.864,3.0,0,0,2
VM2_-1583516733,2023-06-13 06:41:32.000000000,0,0,200,2.99960616698617,10.133333333333333,17.760825988733902,21.26531982028776,29.23908218069636,3,1.0001312949073662,0.1759868421052631,4,1.3335083932098215,0.3262728623635438,0,4.5,3.0,4,2,2
VM2_-1585517453,2023-06-08 11:36:14.000000000,1,0,192,2.8005842126194374,9.8,17.14643395481288,18.732593371227345,28.568303664001903,4,1.4282734230865093,0.1139455782312925,5,1.7853417788581365,0.6610711220494465,2,8.576,3.0,0,0,0
VM2_-1593902337,2023-06-15 15:27:39.000000000,1,0,406,5.840354535495993,20.76665000120799,16.87423210336649,18.33947041312121,24.931588967940858,6,1.0273348926907997,0.0802568862368132,10,1.7122248211513325,0.3567536669905599,1,5.6923803500000005,3.0,0,0,0
VM2_-1598449347,2023-06-07 19:07:14.000000000,1,0,211,3.7154028738488543,10.6,21.03058230480484,21.01864467566415,27.10117165025733,0,0.0,0.0,0,0.0,0.445046554924586,1,11.792,3.0,0,0,2
VM2_-1607778236,2023-06-06 14:59:25.000000000,1,0,265,3.930912071593165,13.9,16.967965776661142,18.89287325082944,31.36261479310922,6,1.5263633199427562,0.1402877697841726,12,3.0527266398855124,0.7434107999384554,5,8.576,3.0,1,1,0
VM2_-1612745604,2023-06-05 05:44:37.000000000,3,0,843,11.168123782852254,42.38333333333333,15.810163436204528,18.198741310041218,23.45287382460236,14,1.2535677677118748,0.1356665355878883,5,0.4477027741828124,0.2263883592759688,0,1.8,3.0,0,0,2
VM2_-1612837959,2023-06-19 16:19:08.000000000,1,0,221,3.9476063611620846,11.15,21.242724813428257,22.15860513973589,29.887291828184427,2,0.5066361275725693,0.0493273542600896,7,1.7732264465039926,0.6198772929309931,2,7.504,3.0,0,0,0
VM2_-1622852112,2023-01-18 21:40:44.000000000,1,0,271,3.8027120858871712,13.633333333333333,16.735652211728382,17.580820703711463,26.160703773571303,2,0.5259404222114283,0.0513447432762836,14,3.681582955479998,0.4743494672150967,1,11.792,3.0,0,0,0
VM2_-1630352055,2023-06-22 05:48:51.000000000,1,5,819,10.880331639894614,41.083333333333336,15.890139514653391,18.77362953996133,26.507015157730468,19,1.746270300285078,0.1574036511156186,2,0.1838179263457976,0.2847061935117352,0,1.8,3.0,4,0,2
VM2_-1632104722,2023-06-02 05:02:21.000000000,3,2,819,13.813207737154569,41.03333333333333,20.198029185116347,21.513290593920992,27.23163868703819,5,0.3619724031624509,0.0625507717303005,12,0.8687337675898822,0.2891979970554187,0,1.9,3.0,0,0,2
VM2_-1632857340,2023-06-16 05:24:37.000000000,3,0,851,11.114465705261722,42.73333333333333,15.60533406355,18.5293293643532,24.55868617717949,17,1.5295382118055387,0.1614664586583463,9,0.80975552389705,0.3192767620742653,0,2.4,3.0,0,0,2
VM2_-1633235250,2023-05-06 23:22:43.000000000,1,0,99,1.4416210464252268,4.95,17.47419450212396,18.29108130981908,27.216203941652704,1,0.693663568855137,0.0505050505050505,0,0.0,0.526932524154705,1,9.648001,3.0,0,0,2
VM2_-1638292155,2023-05-15 06:16:48.000000000,0,0,426,7.370156894364573,21.366666666666667,20.696228408512063,21.758479060482674,29.402434744560303,4,0.5427292874943423,0.0514820592823713,1,0.1356823218735856,0.3182139360725629,0,3.79477085,3.0,0,0,2
VM2_-1645699793,2023-06-05 10:54:45.999000072,1,0,288,4.645545054501725,14.416666666666666,19.334060342434924,20.91858891046776,26.8633123110966,2,0.4305199877594379,0.076300578034682,4,0.8610399755188758,0.3124155953121637,0,4.6603081,3.0,0,0,2
VM2_-165051978,2023-04-26 14:41:28.000000000,1,0,91,1.1922662336589438,4.633333333333334,15.439418853137402,16.92345926851871,26.174669213768816,2,1.6774776837067702,0.0971223021582733,8,6.709910734827081,0.3474768290099771,0,10.72,3.0,0,0,0
VM2_-165346632,2023-06-21 15:27:23.000000000,3,0,700,9.219552114001845,35.18333333333333,15.722590057037722,18.19157300441165,22.856207804685862,18,1.952372498948532,0.142586451918522,7,0.759255971813318,0.2653491176218188,0,2.3,3.0,0,0,1
VM2_-166347111,2023-06-07 14:40:11.000000000,1,0,84,1.156650457548014,4.183333333333334,16.589408952879882,18.72718174292269,26.962845884414318,1,0.8645654298359958,0.1195219123505976,6,5.187392579015975,0.4778539305452519,1,9.648001,3.0,0,0,0
VM2_-1664522766,2023-06-05 05:21:42.000000000,3,2,884,14.748946487234578,44.28333333333333,19.983518010554945,20.67808277333392,26.39523181211557,7,0.4746101700252692,0.0350018818216033,15,1.0170217929112912,0.3099348267612265,1,2.1,3.0,0,0,2
VM2_-1674808393,2023-05-30 14:23:59.000000000,1,0,1897,12.791577898143716,95.91666666666669,8.001682090932647,15.8271123569433,25.81777745432711,114,8.912113963402701,0.518853171155517,101,7.895820265821692,0.5964537437888527,11,3.7,3.0,0,0,1
VM2_-1681648504,2023-06-08 21:08:43.000000000,1,0,1491,10.313562847160018,75.03333333333333,8.247184862233688,14.294378174680704,23.93974750371545,87,8.435494240863298,0.4673478454020435,62,6.011501642914074,0.5103344842361401,6,3.8,3.0,0,0,1
VM2_-1683326196,2023-06-13 12:44:15.000000000,0,0,336,5.247867769473059,17.066666666666666,18.44953512705372,21.65809857950153,30.389638575227465,10,1.905535817455268,0.158203125,5,0.952767908727634,0.2561145143344593,0,3.0,3.0,0,0,2
VM2_-1684918830,2023-06-09 15:07:14.000000000,3,0,695,9.291723717174456,34.88333333333333,15.981942370677515,18.671242526782688,24.598207591943183,20,2.1524531517260663,0.1524128045867176,6,0.64573594551782,0.3301499325940917,0,2.5,3.0,0,0,2
VM2_-1687748887,2023-06-08 07:05:01.000000000,1,4,92,0.9693119282346052,4.6,12.643199063929632,16.06297223949135,20.28569538727709,3,3.094978935690867,0.2318840579710145,2,2.0633192904605777,0.2300335254926718,0,1.6,3.0,0,0,1
VM2_-1688039454,2023-03-19 03:35:46.000000000,1,0,598,7.71966241088352,30.23333333333333,15.32016795985704,16.695781885411048,23.233343045572195,7,0.906775403822205,0.0865490628445424,17,2.2021688378539266,0.4080781721550499,3,11.792,3.0,0,0,0
VM2_-168950471,2023-01-06 21:35:02.000000000,1,0,442,6.14871914867801,22.366666666666667,16.494328565753232,17.3934720782165,23.82290590714718,5,0.8131774893434534,0.0551415797317436,20,3.2527099573738134,0.4074744305438892,2,10.72,3.0,0,0,0
VM2_-1693176738,2023-06-09 20:38:21.000000000,0,0,438,7.931248295625137,21.933333333333334,21.69642390900493,22.2149929966052,29.48161850381513,3,0.378250672300197,0.0250759878419452,6,0.7565013446003941,0.3166615628491476,0,3.7900925,3.0,0,0,2
VM2_-1694457764,2023-06-17 17:33:18.000000000,1,5,99,1.3221494749810845,4.916666666666667,16.134705457396286,16.942451821419542,20.91961562632517,1,0.7563441342472315,0.0508474576271186,3,2.2690324027416944,0.2491932006355167,0,4.288,3.0,0,0,1
VM2_-1698620526,2023-06-02 11:38:17.000000000,3,2,154,1.271014829776731,7.666666666666667,9.947072580861374,17.681255778426753,24.88638393956239,10,7.867728814585602,0.4434782608695652,4,3.1470915258342407,0.540481202198214,0,2.5,3.0,0,0,1
VM2_-1702247801,2023-06-26 17:52:56.000000000,1,0,189,2.4891335339272027,10.1,14.786931884716056,16.14086327710131,26.030375788053,3,1.2052386740645382,0.0792079207920792,1,0.4017462246881794,0.5807424541619922,1,6.6066575,3.0,0,0,0
VM2_-1718422214,2023-01-16 07:23:33.000000000,1,0,270,3.907793545170955,14.716666666666669,15.932114113947268,18.086038051702577,28.25748926285036,11,2.814887703981501,0.160815402038505,7,1.7912921752609554,0.7102143355898541,2,12.864,3.0,0,0,0
VM2_-1731277526,2023-06-29 09:49:11.000000000,1,0,127,1.5813988553762257,6.483333333333333,14.635053674432935,17.234906977235127,26.54798047463365,3,1.8970546170569216,0.1542416452442159,3,1.8970546170569216,0.505312635393404,1,7.7236285,3.0,1,0,0
VM2_-1735443089,2023-06-06 10:36:58.000000000,1,2,206,1.7474896201634846,10.333333333333334,10.146713923529912,13.371169135261551,19.83618142620209,3,1.7167483946023885,0.2483870967741935,4,2.2889978594698515,0.3113455986893625,0,3.1,3.0,0,0,1
VM2_-1736308405,2023-06-01 16:16:40.000000000,0,0,235,3.795413910622383,11.883333333333333,19.163380193885803,19.557588104199883,25.67149632332013,2,0.5269517494264636,0.0252454417952314,5,1.317379373566159,0.2510017026398824,0,4.0,3.0,0,0,2
VM2_-1739096661,2023-06-29 15:08:46.000000000,1,0,851,10.703722608959922,42.75,15.022768573978835,17.63451627355234,22.57866658560085,17,1.5882324889258213,0.1539961013645224,7,0.6539780836753382,0.267990186714794,1,2.0,3.0,0,0,1
VM2_-1741675315,2023-01-06 08:59:07.000000000,1,0,137,2.04123588084737,6.85,17.879438372385728,19.01390594901802,23.853743139381727,1,0.4898992857135521,0.0608272506082725,3,1.4696978571406565,0.4038428133885181,1,5.36,3.0,0,0,0
VM2_-1746942441,2023-05-12 12:28:44.000000000,0,0,522,8.07085517381565,26.58333333333333,18.21635023557137,19.990581163915703,27.9014866085286,10,1.239026074020395,0.0952978056426332,8,0.9912208592163164,0.2781805168673295,0,3.5,3.0,0,0,2
VM2_-17479068,2023-06-11 19:24:25.000000000,1,0,324,5.058112219161665,16.45,18.449041528857137,18.99593942354216,28.49218213607126,4,0.7908088683455431,0.0395136778115501,7,1.3839155196047004,0.5089646955121667,2,10.72,3.0,0,0,0
VM2_-1751021192,2023-06-08 16:33:12.000000000,1,0,122,1.9760161049809268,6.1,19.43622398341895,24.00354756115836,30.38100398397296,2,1.0121374997696715,0.1912568306010929,2,1.0121374997696715,0.3928891381235838,0,6.0,3.0,0,0,2
VM2_-1757299234,2023-05-04 10:25:56.000000000,0,0,282,4.203873492176588,14.333333333333334,17.597609967250836,21.557917614193222,31.174758090718942,9,2.140882692295333,0.1930232558139535,8,1.903006837595852,0.3387612478842955,0,3.0,3.0,0,0,2
VM2_-1763439115,2023-01-24 11:19:36.055999994,8,0,297,3.684390954448506,15.3657333334287,14.386782099490098,18.51018832022262,25.974619941824955,11,2.985568072443203,0.2418205443409351,19,5.156890306947351,0.3971714190880052,1,9.648001,3.0,0,0,1
VM2_-1767176756,2023-01-23 18:17:28.000000000,1,0,86,1.219319178607349,4.333333333333333,16.882880934563296,18.47135245661378,25.057245399487467,2,1.6402596096981836,0.0923076923076923,1,0.8201298048490918,0.6363402689477493,1,10.72,3.0,0,0,0
VM2_-1767366791,2023-01-04 09:25:36.000000000,1,0,292,3.868039718810764,14.716666666666669,15.77003735868488,17.810227891319222,24.48264763206461,5,1.2926444306361102,0.116647791619479,9,2.3267599751449985,0.4080621061824603,2,9.648001,3.0,0,0,0
VM2_-1769958368,2023-06-27 11:07:03.000000000,1,0,344,3.7542096102072735,17.466666666666665,12.8961398823914,15.891559970520296,24.094405562861706,7,1.864573565889285,0.2185114503816793,10,2.6636765226989785,0.5363710736311897,3,9.40045325,3.0,4,1,1
VM2_-1770463309,2023-06-13 09:21:04.000000000,1,5,157,2.2548936870217995,7.916650001207987,17.089756551150266,20.187042412981743,28.265009176592677,4,1.77391955240386,0.1642108719978318,5,2.217399440504825,0.5794637269640928,1,4.0,3.0,0,0,0
VM2_-1772632675,2023-06-29 13:31:35.000000000,0,0,461,7.77583092293677,23.45,19.89551622073374,21.97930659082673,29.33007515276714,8,1.0288289546525486,0.1016346837242359,6,0.7716217159894115,0.3146827168837106,0,4.0,3.0,1,0,2
VM2_-1777365382,2023-02-16 07:34:29.000000000,1,0,231,3.907164669591581,12.366666666666667,18.95659408427182,20.41267543245436,34.530103341230074,4,1.0237602809860895,0.1064690026954177,8,2.0475205619721795,0.7095825364394631,2,12.864,3.0,0,0,0
VM2_-1785770221,2023-01-11 21:44:43.000000000,1,0,153,2.1281656270185985,7.716666666666667,16.547292132326035,16.436420764943342,26.141680262596942,0,0.0,0.0064794816414686,11,5.168770635305383,0.5021655339212094,2,11.792,3.0,0,0,0
VM2_-1792066120,2023-06-22 14:10:44.000000000,1,5,529,6.452717931738907,26.73333333333333,14.48240932310478,16.1348555949827,22.71243310244427,8,1.2397876498909854,0.1109725685785536,19,2.9444956684910903,0.3517083197122959,0,7.044393,3.0,0,0,1
VM2_-1795157008,2023-06-01 17:14:29.000000000,1,5,866,16.4705854974071,43.75,22.58823153930117,26.20859109265328,33.80287201232632,14,0.8500001412945499,0.1432380952380952,4,0.2428571832270142,0.2750082303103612,0,3.216,3.0,0,0,2
VM2_-1802056868,2023-06-06 05:30:02.000000000,3,0,852,11.23218436790469,42.8,15.74605285220284,18.58913195505876,26.02588306371821,17,1.5135079200245771,0.1577102803738317,7,0.6232091435395318,0.3549704848389762,0,2.4,3.0,0,0,2
VM2_-1810241148,2023-06-15 06:24:43.000000000,1,4,419,3.78343365723156,21.03333333333333,10.792679212387966,16.09327077515289,21.29115804381769,12,3.171722061800529,0.3518225039619651,14,3.7003424054339513,0.1865952166386486,0,2.5,3.0,0,0,1
VM2_-1811042382,2023-06-06 16:13:38.000000000,0,0,425,6.9501060318907655,21.616666666666667,19.29096508466211,22.62448103723714,31.119482431435028,7,1.0071788786934033,0.1526599845797995,1,0.1438826969562004,0.3259559160871667,0,4.0,3.0,0,0,2
VM2_-1812774230,2023-06-14 09:10:39.000000000,1,4,281,2.1030229995032585,18.516666666666666,6.814475965987157,12.689818630208896,19.48781894364663,10,4.755059741316208,0.5175517551755175,13,6.18157766371107,0.2254603750094629,0,3.5,3.0,0,0,1
VM2_-1820022802,2023-04-04 07:23:00.000000000,1,0,224,3.847770743678148,12.95,17.827509237118832,18.845363962386543,34.429098214977195,4,1.03956297463199,0.0978120978120978,14,3.638470411211965,0.9122325959516142,6,13.936001,3.0,0,0,0
VM2_-1827076372,2023-06-06 07:35:22.000000000,1,4,117,1.0423659731979005,5.866666666666666,10.66056108952398,15.352588218012084,20.342846878241023,2,1.918711902945326,0.3153409090909091,1,0.9593559514726632,0.2347001721087216,0,1.5,3.0,0,0,1
VM2_-1827439506,2023-04-30 15:46:13.000000000,1,0,299,4.504129399291096,15.816666666666666,17.086265371388773,17.620399150876437,27.41282573891581,2,0.4440369764498283,0.035827186512118,25,5.550462205622854,0.5260404647737629,3,12.864,3.0,0,0,0
VM2_-1830628558,2023-06-22 11:45:20.000000000,0,0,756,11.47847538988761,38.48333333333333,17.89628038267449,20.024380461648036,28.301749003901318,10,0.871195839197414,0.112169770463404,12,1.0454350070368967,0.2831706065564082,0,3.5,3.0,1,0,2
VM2_-1837409163,2023-05-25 05:50:47.334000111,1,5,974,11.095964667824076,48.96109999815623,13.597690413297814,18.518959312982822,25.79128258465104,25,2.253071341556688,0.2685805670316884,11,0.9913513902849428,0.2914032696431044,0,1.7,3.0,0,0,1
VM2_-1843623411,2023-01-30 20:50:01.000000000,1,0,287,3.855165847028075,14.683333333333334,15.753231611011431,16.352108051232772,21.66361458013277,2,0.518784425718491,0.0419977298524404,20,5.18784425718491,0.4831264149109894,2,10.72,3.0,0,0,0
VM2_-1843927897,2023-06-12 06:47:18.000000000,1,0,268,3.8767356509522815,13.816666666666666,16.835040221264432,19.29826964368247,27.311106693662172,4,1.031795912888061,0.1302774427020506,6,1.5476938693320912,0.509199339930943,0,9.648001,3.0,0,0,0
VM2_-1852507870,2023-05-10 07:23:58.476000071,1,0,260,4.035199985344559,13.975399998823802,17.324155239996724,18.38787777744167,26.335972798872483,4,0.9912767680728584,0.0834800196606076,9,2.2303727281639314,0.5527961462551236,1,12.864,3.0,0,0,0
VM2_-1856314259,2023-06-28 05:51:14.954999924,1,5,865,10.905324663592577,43.2840833346049,15.1168611971606,18.025367489737956,26.700940231913727,18,1.6505698413631826,0.1640325831810713,4,0.3667932980807072,0.2825251210115034,0,1.7,3.0,7,1,2
VM2_-186346903,2023-06-09 13:10:41.000000000,0,0,595,6.129362711857879,30.23333333333333,12.164115635440112,15.75383154625664,20.606280418609504,17,2.77353467222812,0.2425578831312017,5,0.8157454918317999,0.2176530561877862,0,3.0,3.0,0,0,1
VM2_-1867007325,2023-06-14 19:02:33.999000072,1,0,662,11.240749449123646,33.50001666545868,20.13267556498944,21.03570681284402,27.65135269527956,7,0.6227342786779876,0.0432835605570032,4,0.3558481592445643,0.2506609474116069,0,5.187527449999999,3.0,0,0,2
VM2_-1869855649,2023-06-10 11:48:36.000000000,2,5,431,7.351770971425691,21.9,20.141838277878605,21.59793604381513,27.45612879651265,5,0.6801082377883673,0.0707762557077625,14,1.9043030658074285,0.5343336985338991,3,5.36,3.0,1,0,0
VM2_-1873365852,2023-06-08 05:50:29.000000000,1,4,106,0.9563249985471228,5.283333333333333,10.860473169620324,15.736592325604365,20.01638389150368,3,3.1370088668158718,0.3249211356466877,5,5.228348111359786,0.3204530148203766,0,3.0,3.0,0,0,1
VM2_-1880293640,2023-02-18 23:50:04.000000000,1,0,476,6.99044805743856,25.3,16.578137685625045,17.72916913287018,25.931374642705165,8,1.144418774628784,0.0678524374176548,21,3.004099283400558,0.5413875167381842,2,10.72,3.0,0,0,0
VM2_-1880465393,2023-06-13 17:34:00.000000000,1,0,596,8.916892168719034,30.216666666666665,17.705908332812204,18.946226758815385,30.835784805867565,9,1.0093202687335967,0.0799779371207942,20,2.242933930519104,0.765544517505061,14,10.72,3.0,0,0,0
VM2_-1884094890,2023-03-10 07:02:32.000000000,1,0,296,3.965950877310088,15.133333333333333,15.724034315326342,18.00184551387374,25.969131348075244,6,1.5128780425211692,0.1442731277533039,15,3.782195106302922,0.6081942824952795,4,9.648001,3.0,0,0,0
VM2_-18879627,2023-06-12 05:24:35.000000000,0,0,565,7.252200420008867,28.33333333333333,15.357600889430543,21.544552000621525,29.13446217056559,12,1.6546702111116405,0.2958823529411765,7,0.9652242898151236,0.323627064331504,0,3.8113055,3.0,0,0,2
VM2_-1890500806,2023-06-08 05:58:26.000000000,1,5,601,6.5866899931556695,30.23333333333333,13.071711122028892,16.326617935958947,22.24343686431212,14,2.1254985454830293,0.2094818081587651,20,3.036426493547185,0.2479399710532583,0,4.53246,3.0,0,0,1
VM2_-1891470294,2023-06-01 06:45:54.000000000,1,0,167,3.0086423632793786,8.616666666666667,20.94992748124906,21.99552047248344,40.323180728819295,2,0.6647516582263462,0.058027079303675,5,1.6618791455658657,0.9334310918972246,3,8.576,3.0,0,0,0
VM2_-189178745,2023-06-26 06:11:15.000000000,0,0,413,7.229309903623331,20.7,20.95452145977777,22.42173887876138,27.67697510365633,2,0.2766515790113797,0.0660225442834138,2,0.2766515790113797,0.2651432427322819,0,3.7900925,3.0,0,0,2
VM2_-1901620590,2023-06-19 05:49:14.000000000,0,0,438,7.396176981488732,21.95,20.21734026830633,21.809885483491858,27.22629321907229,6,0.8112299117526385,0.0751708428246013,5,0.676024926460532,0.2760944335785952,0,3.8094794,3.0,0,0,2
VM2_-1905302067,2023-06-09 16:49:34.000000000,1,5,102,1.2640262715263664,5.116666666666666,14.822457907149571,15.897738541251147,22.0157286828708,1,0.7911227974656387,0.0684039087947882,2,1.5822455949312777,0.2213963371661913,0,3.216,3.0,0,0,1
VM2_-1921560016,2023-06-30 06:36:17.000000000,1,5,337,3.616117773460756,16.983333333333334,12.775293409674896,15.542327548308725,22.35373167787336,7,1.9357776595038128,0.1923454367026496,12,3.318475987720822,0.3131990676525956,0,10.430366,3.0,0,0,1
VM2_-1921919637,2023-06-19 16:43:53.000000000,1,0,275,4.5021919953427805,14.4,18.759133313928253,19.102758340638847,30.437422887226084,3,0.6663420847230197,0.0625,17,3.775938480097112,0.8034178215210994,6,11.792,3.0,0,0,0
VM2_-1925662326,2023-06-21 14:40:55.000000000,1,4,558,5.182979772079187,28.25,11.008098630964644,17.456838354653183,25.10908214340689,18,3.4729057012659688,0.3952802359882006,20,3.858784112517743,0.2734953586059745,0,3.0,3.0,0,0,1
VM2_-1925930034,2023-06-20 10:07:33.000000000,1,0,436,7.140338300023686,22.2,19.298211621685635,20.7071511414972,29.719097206675237,7,0.9803457071462258,0.072072072072072,10,1.400493867351751,0.6750132104577935,5,10.72,3.0,0,0,0
VM2_-1927936120,2023-06-03 16:47:00.000000000,1,0,145,1.9277403552511188,7.25,15.953713284836844,18.238981797727224,23.84507813912533,3,1.556226175287596,0.1310344827586207,6,3.112452350575192,0.3337732445244203,0,3.7900925,3.0,2,0,1
VM2_-1928239802,2023-01-09 21:21:10.000000000,1,0,243,3.781584481800945,12.383333333333333,18.322616600919783,18.4424395637319,24.378600416671983,1,0.264439418136114,0.0080753701211305,16,4.231030690177824,0.5618516750008239,2,11.792,3.0,0,0,0
VM2_-1935336346,2023-06-13 16:11:17.000000000,0,0,468,5.997133817261404,23.85,15.087129100028688,19.45809120000603,30.237142197274697,13,2.1677021717578517,0.2361984626135569,9,1.500716888140051,0.3529805439942065,1,4.0,3.0,0,0,2
VM2_-1945009014,2023-03-02 16:08:45.000000000,1,0,245,4.328951222211357,13.266666666666667,19.57817135673478,19.84278081103397,31.054235795809262,2,0.4620056677326894,0.0301507537688442,18,4.158051009594205,0.6152966647659114,1,12.864,3.0,0,0,0
VM2_-1955391605,2023-05-01 22:06:35.000000000,0,0,486,6.922998834137914,24.766666666666666,16.771733380145687,18.230221301300634,28.733195787418836,9,1.3000146635328336,0.0847913862718708,12,1.733352884710445,0.2904640356699107,0,3.0,3.0,0,0,2
VM2_-1955564408,2023-04-20 06:17:33.000000000,1,0,280,3.998101536915904,14.183333333333334,16.913237994003826,18.607451600475297,28.44256979656105,6,1.5007122617071753,0.1057579318448883,10,2.501187102845292,0.6138573466961955,2,11.792,3.0,0,0,0
VM2_-1961397503,2023-06-06 19:12:29.000000000,0,0,432,7.540168877719381,21.65,20.896541924395517,22.49475872983325,29.267710058964575,4,0.5304920970430373,0.0739030023094688,2,0.2652460485215187,0.3151622703127314,0,9.935046,3.0,0,0,2
VM2_-1966787948,2023-06-20 18:35:51.000000000,0,0,451,7.359996609861059,22.6,19.53981400848069,21.55950057300175,26.66951085653421,8,1.0869570224096914,0.0980825958702064,1,0.1358696278012114,0.2554076340450443,0,3.7900925,3.0,0,0,2
VM2_-1973353843,2023-06-12 17:00:01.000000000,1,0,94,0.8136987680714811,4.666666666666667,10.461841303776186,11.227767354380962,22.035159117118734,5,6.14478010314594,0.1821428571428571,15,18.434340309437815,0.6300416803796007,0,4.8,3.0,0,0,1
VM2_-1975031102,2023-06-21 07:54:32.000000000,2,5,377,7.0745685566032535,19.183333333333334,22.127234408142236,22.69899997754478,29.12931956689753,2,0.2827027519767607,0.0312771503040834,5,0.706756879941902,0.5301239859638247,2,7.504,3.0,0,0,2
VM2_-1984761756,2023-01-05 16:23:51.000000000,1,0,268,3.9675120520826286,13.483333333333333,17.65518342088685,18.79880588004024,28.024154194864344,3,0.7561413703646441,0.0630407911001236,7,1.7643298641841696,0.5182339951836243,1,5.36,3.0,0,0,0
VM2_-1984905329,2023-04-19 14:21:34.000000000,1,0,264,3.918486083813311,13.366666666666667,17.589214341306633,19.661847323430404,29.37635258838478,4,1.020802400325833,0.1159600997506234,10,2.552006000814582,0.6896456524843099,2,7.504,3.0,0,0,0
VM2_-1989156837,2023-05-31 06:55:08.000000000,1,0,98,1.7188896460409513,5.05,20.42245124009051,20.820150446715868,34.645833498400904,1,0.5817709137426358,0.0297029702970297,4,2.327083654970543,0.8648323005614686,3,11.792,3.0,0,0,0
VM2_-1991914336,2023-03-09 15:50:04.000000000,1,0,105,1.855214909404091,5.3,21.002432936650088,20.947173920118143,28.83344626408444,0,0.0,0.0,2,1.0780422202635354,0.6571092212047082,2,8.576,3.0,0,0,0
VM2_-1994913390,2023-06-22 20:09:19.000000000,1,0,544,7.075658797858445,27.416666666666668,15.484724420845229,18.34511123788878,26.08508435824924,13,1.8372847492214643,0.1708206686930091,13,1.8372847492214643,0.7230436449374589,7,11.28896875,3.0,7,1,0
VM2_-1997164140,2023-04-18 15:11:40.000000000,1,0,124,1.6755303405982416,6.25,16.085091269743117,18.30441188734845,24.716903465735854,2,1.193651915181618,0.1306666666666666,7,4.177781703135664,0.3558218985346287,0,13.936001,3.0,0,0,0
VM2_-1997575805,2023-06-16 15:53:51.000000000,1,0,90,1.3099994297870154,4.483333333333333,17.531590881908013,18.984494833142357,26.15191080962917,2,1.5267182217973694,0.0817843866171003,4,3.0534364435947388,0.5769874453115964,1,10.72,3.0,0,0,0
VM2_-1998623470,2023-06-01 09:46:14.000000000,1,0,217,2.6840085461646432,11.016666666666667,14.617898284709105,16.622289345752918,25.126107962928412,4,1.490308220410052,0.1558245083207261,8,2.980616440820104,0.5707274685593147,1,10.785475,3.0,3,3,0
VM2_-20013183,2023-04-28 16:13:12.000000000,1,0,252,3.934487048076937,12.866666666666667,18.347348928856185,18.893048211342805,30.011626426149974,3,0.7624882134168705,0.0544041450777202,6,1.524976426833741,0.6281998779509164,3,10.72,3.0,2,0,0
VM2_-200844452,2023-06-05 08:26:08.000000000,1,5,961,16.64419054732031,48.53333333333333,20.57660919311577,25.7016575993337,33.41953779338716,20,1.2016204659000356,0.206043956043956,4,0.2403240931800071,0.2921767941071413,0,3.216,3.0,0,0,2
VM2_-2017393615,2023-06-16 05:50:22.000000000,1,5,630,6.657279192811791,32.61666666666667,12.246400150292512,16.327659850021966,22.11910039124832,20,3.004230320037507,0.2641798671435871,22,3.304653352041257,0.2762660521314724,0,4.15094945,3.0,0,0,1
VM2_-2030124002,2023-02-02 06:48:31.351999998,8,0,242,3.520078425244863,12.394133333365122,17.040699808039562,20.945358688418665,28.99275064916754,8,2.2726766377210774,0.1949847239549196,8,2.2726766377210774,0.44359389482273,1,9.648001,3.0,0,0,2
VM2_-203339299,2023-05-10 14:43:08.000000000,1,0,88,1.102316145785265,4.366666666666666,15.146328720713566,18.15426508000602,31.013241421620293,4,3.628723044014284,0.183206106870229,4,3.628723044014284,0.6152723551011025,0,8.04,3.0,0,0,0
VM2_-2037711,2023-06-07 05:53:17.000000000,1,5,660,7.18062828557303,33.25,12.957524725846069,17.48554958853877,23.1999580688043,20,2.785271595270156,0.2706766917293233,16,2.228217276216125,0.2832551465121626,0,4.3661007000000005,3.0,0,0,1
VM2_-2038897202,2023-06-13 18:25:28.000000000,0,0,429,7.471339281249296,21.516666666666666,20.83409869287178,22.65877365279962,29.484593337758227,6,0.8030688708058148,0.0821068938807126,4,0.5353792472038765,0.2955290343636306,0,4.5357585,3.0,0,0,2
VM2_-2058970197,2023-03-17 07:28:14.000000000,1,0,241,3.972078296521388,12.516666666666667,19.040588372139805,19.89187984418048,29.980525364521352,3,0.755272121052422,0.047936085219707,13,3.272845857893829,0.66318282793074,4,13.936001,3.0,0,0,0
VM2_-2060864141,2023-06-01 19:33:05.000000000,1,0,123,1.7810806623455544,6.3,16.962672974719567,17.800831830863157,24.05657548895046,2,1.1229137693102258,0.0476190476190476,7,3.9301981925857903,0.4514089574118549,0,12.864,3.0,0,0,0
VM2_-2063355428,2023-06-10 22:24:57.000000000,1,1,355,5.075415366260582,17.866666666666667,17.044305334457178,22.143867736077063,29.8150216339594,8,1.5762256727165498,0.2406716417910447,8,1.5762256727165498,0.3874559546419133,0,5.36,3.0,0,0,2
VM2_-2069215246,2023-01-04 21:37:09.000000000,1,0,351,4.422190188276926,17.75,14.94824852375299,15.456726975939388,22.367743127859534,4,0.9045291653452314,0.0366197183098591,17,3.844248952717234,0.5006665616337587,4,9.648001,3.0,0,0,0
VM2_-2078649842,2023-06-02 05:23:18.000000000,1,4,1598,8.973061350435295,80.36666666666666,6.699091841884501,14.067354807452258,19.94068072926521,34,3.789119306350292,0.5398175031107424,31,3.4547852499076197,0.1884352870997772,0,3.0,3.0,0,0,1
VM2_-2078693148,2023-06-01 14:56:47.000000000,1,4,112,1.1341053347679724,5.6,12.151128586799704,14.64005996235126,19.5282844863218,3,2.6452569333992004,0.1785714285714285,4,3.527009244532267,0.2295803001866428,0,1.6,3.0,0,0,1
VM2_-2086321745,2023-03-13 20:31:57.000000000,1,0,97,1.301473006406823,4.866666666666666,16.045557613234806,16.574742047872572,28.289394110060947,1,0.7683601542846087,0.0410958904109589,6,4.610160925707652,0.5721734997921029,1,12.864,3.0,0,0,0
VM2_-2092409440,2023-06-05 14:52:36.000000000,2,5,420,7.344435587563418,21.78333333333333,20.22950888693826,23.065387750233697,31.355682615158912,10,1.3615750156395052,0.1361897475133894,14,1.9062050218953075,0.5875236171898458,2,7.504,3.0,0,0,0
VM2_-2093083414,2023-06-13 18:12:58.000000000,1,1,545,8.526301546030536,27.45,18.63672469077713,21.706322718818598,29.824105381285975,14,1.6419780516111082,0.151183970856102,16,1.8765463446984092,0.4646296886517916,0,6.432,3.0,0,0,2
VM2_-210105560,2023-03-07 08:13:19.000000000,1,0,249,3.897693610491296,12.6,18.560445764244264,19.11706248369001,28.47109288539219,2,0.5131239650588915,0.0357142857142857,6,1.5393718951766744,0.5062756784204667,1,12.864,3.0,0,0,0
VM2_-2102061733,2023-06-17 06:41:36.000000000,0,0,433,7.366524987493941,21.7,20.368271854821955,21.1808944557223,26.309260894346505,2,0.2714984342543296,0.0391705069124423,2,0.2714984342543296,0.2343957880255322,0,3.7900925,3.0,0,0,2
VM2_-2103620304,2023-06-29 11:44:32.000000000,0,0,727,11.85878788516576,37.0,19.23046684080934,20.91855547820938,27.57481961043798,11,0.9275821531271318,0.0864864864864864,19,1.6021873554014094,0.2804701333646691,0,3.5,3.0,3,2,2
VM2_-2108726365,2023-06-13 14:06:37.000000000,1,0,445,4.989150939906407,22.433333333333334,13.343940106733331,14.04190245787684,20.954012642260267,5,1.002174530340787,0.0698365527488855,17,3.407393403158676,0.4614451546024534,1,3.4,3.0,0,0,1
VM2_-2113292282,2023-06-06 11:20:22.000000000,1,0,201,2.2820224654323376,10.133333333333333,13.51197512427042,18.223489608596196,28.99058191017824,5,2.191038903314535,0.2746710526315789,2,0.876415561325814,0.6551180510788648,2,5.36,3.0,0,0,0
VM2_-2113905488,2023-01-17 15:18:45.000000000,1,0,226,2.890109827389183,11.433333333333334,15.166757111663353,18.387924552701183,26.17906214457892,5,1.7300380603587,0.1836734693877551,10,3.4600761207174,0.5137099259288579,2,9.648001,3.0,0,0,0
VM2_-2120428601,2023-06-01 03:54:35.000000000,1,4,798,13.47699116002152,39.75,20.342628166070217,22.427816066187475,28.76631121240205,6,0.445203230361874,0.0943396226415094,9,0.6678048455428109,0.2278351589786128,0,1.5,3.0,0,0,2
VM2_-2129603892,2023-04-27 06:59:43.000000000,1,0,260,3.958027699703965,13.25,17.923144300546255,19.31344811053329,30.49695631137477,3,0.7579532604646453,0.0842767295597484,2,0.5053021736430968,0.7858517158021906,5,10.72,3.0,0,0,0
VM2_-2142273786,2023-06-11 14:19:18.000000000,0,0,1371,22.79312759799904,69.85,19.57892134402208,21.88334953665245,28.593532414511746,23,1.009076086689355,0.1123836793128131,23,1.009076086689355,0.2860927761508026,0,4.0,3.0,0,0,2
VM2_-2143161230,2023-05-09 13:28:16.000000000,0,0,520,8.045314654169573,26.466666666666665,18.238748586278632,21.592350534301264,29.478744310064343,11,1.367255411731986,0.1605793450881612,9,1.1186635186898066,0.3151987881658962,0,4.0,3.0,0,0,2
VM2_-2144027746,2023-06-26 19:13:08.000000000,1,0,329,4.318588244619992,16.5,15.703957253163608,17.345506024326806,21.50936687372744,7,1.6209000727773608,0.1,3,0.6946714597617261,0.2891784981377584,0,4.3549514,3.0,4,3,1
VM2_-2146857147,2023-03-28 17:17:59.000000000,1,0,183,2.6857746394615782,9.233333333333333,17.452687187836972,18.087538170253143,23.49910935476373,2,0.7446641168675803,0.0379061371841155,9,3.3509885259041114,0.31887266165978,0,10.72,3.0,0,0,0
VM2_-214828471,2023-06-27 20:35:40.000000000,1,0,367,4.604098686310143,18.53333333333333,14.90535545927744,16.756577279793188,24.789177456052737,8,1.7375822164253891,0.1267985611510791,9,1.9547799934785628,0.532534957502445,2,11.013697,3.0,2,0,0
VM2_-219128089,2023-06-08 15:07:28.000000000,1,0,76,0.6135138274154448,3.6666666666666665,10.039317175889096,15.969593376887216,29.60535430850394,7,11.409685792232205,0.3818181818181818,9,14.66959601858426,0.6069666718672941,0,3.7,3.0,0,0,1
VM2_-224044441,2023-06-20 05:58:39.000000000,1,0,451,7.379782569862468,23.166666666666668,19.113105936334453,20.97353584962544,37.63094451279246,7,0.9485374309788716,0.1122302158273381,15,2.032580209240439,0.7758980652974603,7,10.72,3.0,0,0,0
VM2_-22591160,2023-04-24 20:05:37.000000000,1,0,258,3.580492260764715,13.45,15.97245618185003,16.00363134872549,23.54324654521496,1,0.2792912055579815,0.0148698884758364,10,2.7929120555798157,0.6437342394268153,3,12.864,3.0,0,0,0
VM2_-228865886,2023-05-05 07:47:55.000000000,0,0,639,8.911387645085464,32.55,16.42652100476583,18.61749555456948,26.980879642673475,11,1.2343756593358817,0.1177675371223758,19,2.13210341158016,0.2768298485492448,0,3.0,3.0,0,0,2
VM2_-233726792,2023-06-03 11:03:27.000000000,1,0,148,1.8351918521942427,7.566666666666666,14.552182087883864,18.477838875844856,28.13665707322575,5,2.7245107883525974,0.2599118942731278,8,4.359217261364156,0.7491665760086585,4,10.72,3.0,0,0,0
VM2_-235363905,2023-02-16 15:26:45.000000000,1,0,397,5.578191476371549,20.23333333333333,16.541589221530128,18.601704478948907,25.97806133313525,7,1.2548870058783457,0.1268533772652388,17,3.047582728561696,0.4439459421259713,1,8.576,3.0,0,0,0
VM2_-237166703,2023-06-15 15:59:54.000000000,1,0,678,7.323347519717117,34.15,12.86678920008864,16.24145479041121,25.19297328292896,16,2.1847932188008525,0.2225475841874085,10,1.3654957617505328,0.5255528332475135,4,5.9835042000000005,3.0,4,2,1
VM2_-237823932,2023-01-10 15:26:58.000000000,1,0,260,4.120804841582034,13.333333333333334,18.543621787119157,18.93023726622244,28.846570210831743,2,0.4853420816774648,0.0375,10,2.426710408387324,0.6065474850464043,1,11.792,3.0,0,0,0
VM2_-250622349,2023-06-09 15:26:30.000000000,0,0,562,8.06604314482196,28.6,16.921768835290823,21.20025882309888,29.10595731733251,16,1.983624400803173,0.2115384615384615,1,0.1239765250501983,0.339124763954711,0,4.0,3.0,1,1,2
VM2_-254555912,2023-06-18 10:24:26.000000000,1,0,689,9.862091114960426,34.63333333333333,17.085432152963204,20.20683097902169,26.726210429841675,12,1.2167804839884764,0.1602502406159769,22,2.23076422064554,0.3913240785196823,0,5.1384225,3.0,0,0,2
VM2_-262654727,2023-02-13 14:44:14.000000000,1,0,203,2.870764855415415,10.583333333333334,16.275202329914162,18.42285923739084,25.922906626836426,4,1.3933568931828026,0.1228346456692913,10,3.4833922329570064,0.5937866396482337,1,11.792,3.0,0,0,0
VM2_-26549832,2023-06-23 20:51:05.000000000,1,5,979,9.649546360702985,52.15,11.102066762074385,15.801359003285617,20.122958733229584,12,1.2435817759132235,0.3096836049856184,9,0.9326863319349176,0.205815584685931,0,4.573634,3.0,0,0,1
VM2_-267932612,2023-05-31 08:55:45.000000000,1,4,67,0.6687669111521147,3.333333333333333,12.037804400738066,14.658990850838546,20.303595056074823,3,4.485867871111873,0.195,1,1.4952892903706243,0.2244570981094833,0,1.8,3.0,0,0,1
VM2_-268723424,2023-01-09 08:23:19.798000097,1,0,255,4.005660627525071,13.00336666504542,18.482877845594054,19.14831681292007,31.893602177059385,2,0.4992934214788225,0.0576773707393861,12,2.9957605288729354,0.7904105947407922,4,11.792,3.0,0,0,0
VM2_-276567312,2023-06-19 20:52:31.000000000,1,0,165,1.8716016862757303,8.3,13.529650744161907,16.245020442089928,21.907491321533268,4,2.1372068797178394,0.180722891566265,3,1.6029051597883794,0.3083106633726161,0,7.0633626,3.0,1,0,1
VM2_-285405651,2023-06-06 07:39:32.000000000,2,5,354,7.062160235764478,17.95,23.606106637652854,25.339657743319854,32.52459722830412,4,0.5663989298547827,0.0696378830083565,2,0.2831994649273913,0.3899747579377189,0,5.36,3.0,1,0,2
VM2_-298400668,2023-06-28 18:08:18.000000000,1,0,854,11.048684143667677,42.91666666666666,15.446704045515974,17.781526291207122,22.462209487975784,17,1.5386447633896023,0.1363106796116505,4,0.362034061974024,0.2446222300374904,0,1.9,3.0,0,0,2
VM2_-301775826,2023-06-14 09:41:46.000000000,1,4,96,1.0013854153713049,4.783333333333333,12.560932039500686,14.66585068304488,19.61252916713424,2,1.9972330026979848,0.156794425087108,1,0.9986165013489926,0.2614943187313712,0,1.8,3.0,0,0,1
VM2_-302426064,2023-06-08 07:49:25.999000072,1,0,156,2.2057613775322555,8.266666666666667,16.00955838531476,19.458118030931207,28.65585255228758,6,2.720149178925525,0.1754032258064516,2,0.906716392975175,0.4383753818720212,0,6.0,3.0,0,0,2
VM2_-307096576,2023-06-06 12:36:49.000000000,1,4,104,0.7055714908787258,5.216666666666667,8.115199256113142,11.565387480779291,18.377143117940104,2,2.834581648854859,0.3130990415335463,2,2.834581648854859,0.2518168873979656,0,1.9,3.0,0,0,1
VM2_-309290029,2023-06-08 05:36:17.000000000,3,0,843,11.190461131645762,42.36666666666667,15.84801733828668,18.881421990553825,24.347193311374205,16,1.4297891580851152,0.1648308418568056,10,0.893618223803197,0.2817449720322483,0,2.0,3.0,0,0,2
VM2_-312258359,2023-06-19 14:02:37.000000000,1,0,586,7.572918617904231,29.48333333333333,15.411253264248296,17.695753194753447,23.37072501902334,10,1.3204948454559586,0.1351045788581119,9,1.188445360910363,0.3160853478698321,1,6.032589,3.0,7,5,1
VM2_-31639534,2023-04-18 14:30:55.000000000,1,0,145,2.2362067864039936,7.516666666666667,17.84998765200527,18.43301910448006,26.001882609743895,1,0.4471858354423846,0.0509977827050997,9,4.024672518981461,0.5403171082262566,1,9.648001,3.0,0,0,0
VM2_-324126589,2023-06-25 10:54:39.000000000,0,0,427,7.237403016683504,21.366666666666667,20.323440608471618,21.35995316777101,26.731488794145445,3,0.4145133265460642,0.0491419656786271,2,0.2763422176973762,0.2597750809893587,0,3.7900925,3.0,0,0,2
VM2_-329095447,2023-01-25 21:34:02.000000000,1,0,237,3.5508006647399,12.1,17.607276023503633,17.739906572340832,23.61658991529998,1,0.2816266229558259,0.012396694214876,24,6.759038950939823,0.3478376474955677,0,12.864,3.0,0,0,0
VM2_-330020274,2023-06-10 18:02:46.000000000,0,0,468,7.271102848132095,23.466666666666665,18.590887963974108,21.872622854067934,29.416596435362795,9,1.2377764677489125,0.1534090909090909,3,0.412592155916304,0.3185334702328886,0,9.935046,3.0,0,0,2
VM2_-332574828,2023-06-29 16:14:34.000000000,1,5,307,3.2964898790995347,15.433333333333334,12.815727391747652,16.163239052448983,22.843889329374843,7,2.123470799768423,0.2181425485961123,7,2.123470799768423,0.2716398001272012,0,5.657913,3.0,0,0,1
VM2_-339135743,2023-05-08 19:46:43.000000000,1,0,130,1.83572433060536,6.65,16.56292629117618,16.275449522481615,26.96818784197484,0,0.0,0.0,6,3.268464605478864,0.8200717668926062,5,11.256,3.0,0,0,0
VM2_-354310986,2023-04-29 13:36:59.000000000,1,0,55,0.9520673467688612,2.783333333333333,20.523607475256888,20.07816388116344,32.87658825757612,0,0.0,0.0,1,1.0503458640754912,0.8863211763965013,1,8.576,3.0,0,0,0
VM2_-355752954,2023-06-28 05:49:11.286999941,1,5,703,7.236607473533353,35.37855000098546,12.272872924410605,15.288862105634086,20.599200276936497,13,1.7964218796646445,0.2068108123838558,8,1.105490387485935,0.2314646486341152,0,4.5886154,3.0,0,0,1
VM2_-359036334,2023-05-14 15:13:57.000000000,1,5,3214,32.41385445938992,162.26666666666668,11.985402224096518,14.658323245397233,25.98752328480297,78,2.4063784236991386,0.1872432210353327,20,0.6170201086408047,0.3580499138174473,2,2.9,3.0,0,0,1
VM2_-365495601,2023-06-05 06:33:32.000000000,1,2,268,3.3363730470833373,13.433333333333334,14.90191435421838,15.213565091154347,22.60809487860456,2,0.599453350022835,0.0223325062034739,7,2.098086725079922,0.378463859872044,0,3.3,3.0,0,0,0
VM2_-368403145,2023-02-21 07:01:41.000000000,1,0,257,3.933720572802841,13.116666666666667,17.994147474066363,19.072700296683667,25.81087211790164,3,0.7626367822721201,0.0648030495552731,9,2.28791034681636,0.3426470271326449,0,12.864,3.0,0,0,0
VM2_-369931134,2023-06-05 18:39:43.000000000,1,0,237,2.893460050734576,11.866666666666667,14.629854189107403,17.96849714494194,24.69691960757093,5,1.7280349174790328,0.1938202247191011,7,2.419248884470646,0.501465431945571,1,8.239609,3.0,2,0,0
VM2_-375876309,2023-06-06 17:51:09.000000000,1,1,727,10.843183652850048,36.65,17.751460277517133,22.31245873666128,30.44179557331939,21,1.936700573588488,0.2137335152341973,12,1.1066860420505644,0.4220258466342994,0,7.504,3.0,2,2,2
VM2_-377038487,2023-06-30 14:39:26.000000000,1,5,950,9.13074793193426,47.65,11.497269169277136,18.06194550001012,23.564545348253876,17,1.861840905775472,0.3714585519412381,9,0.9856804795281912,0.2871743745528438,2,1.7,3.0,2,0,1
VM2_-381152570,2023-06-11 07:14:54.000000000,1,4,1519,18.78578959802974,76.38333333333334,14.75645702659984,17.17234485837503,21.867867931015613,13,0.6920124348333724,0.1472834387955487,20,1.0646345151282652,0.1271954218155443,0,2.0,3.0,0,0,1
VM2_-400884677,2023-05-06 23:35:31.000000000,1,0,103,1.8198781146211969,5.733333333333333,19.045236083245083,18.42003356085495,31.744561081803177,0,0.0,0.0,3,1.6484620458356591,0.848083512590495,1,11.792,3.0,0,0,0
VM2_-402243092,2023-06-06 06:51:53.000000000,1,2,270,3.16260720992314,13.333333333333334,14.23173244465413,16.00025473184691,22.04815539211374,3,0.9485844434260012,0.11625,4,1.2647792579013348,0.2807942989228004,0,2.9,3.0,0,0,1
VM2_-403428695,2023-06-05 14:41:34.184999943,3,2,2115,19.81482035561808,108.213583334287,10.986506358119923,22.76418981673802,35.82163238541156,49,2.4728965047673053,0.5236557640977043,24,1.2112146145799048,0.3314479881004077,1,1.6,3.0,0,0,2
VM2_-403558292,2023-06-02 19:58:16.000000000,1,0,409,4.53555777255991,20.53333333333333,13.253253231506234,16.194653985514606,23.478497613905635,9,1.9843204411263224,0.1883116883116883,13,2.8662406371824654,0.4886574533343011,3,6.434861,3.0,5,2,1
VM2_-406115222,2023-06-07 14:11:50.999000072,1,0,162,2.53656005514861,8.133349998792012,18.71228993360925,20.788178972930154,29.252508678888745,5,1.9711735150331635,0.1045079825811313,1,0.3942347030066326,0.4031771772717601,0,6.0,3.0,4,0,2
VM2_-406961455,2023-05-02 07:32:03.000000000,1,0,266,3.868994521580924,13.4,17.32385606678026,18.927849737608376,28.565463866077145,4,1.0338603421866686,0.0932835820895522,4,1.0338603421866686,0.6913581749550805,4,9.648001,3.0,1,0,0
VM2_-409241408,2023-04-09 08:17:54.000000000,1,0,182,2.677522489451177,9.266666666666667,17.336476550403308,17.839904753376242,24.095567899622512,1,0.3734795894113942,0.0287769784172661,6,2.240877536468365,0.3664056199993674,0,11.792,3.0,0,0,0
VM2_-418684712,2023-06-19 15:33:07.000000000,0,0,604,9.786714361392557,30.73333333333333,19.106383785798915,21.63377126080289,29.440115694825067,15,1.5326900782118713,0.1231019522776572,11,1.123972724022039,0.322628753091036,0,3.5,3.0,0,0,2
VM2_-419604750,2023-05-28 19:25:04.000000000,1,0,94,1.2931171733017643,4.783333333333333,16.22028510064931,17.22700900465693,33.06506232094995,1,0.7733251252449634,0.1045296167247386,6,4.63995075146978,0.8564607358816527,1,11.792,3.0,0,0,0
VM2_-42040218,2023-06-19 05:40:59.000000000,3,0,855,11.062463056181215,42.86666666666667,15.484007388123006,18.060327332508137,23.98507306777169,13,1.17514516739888,0.1469673405909798,8,0.7231662568608492,0.3004851425145355,0,2.1,3.0,0,0,2
VM2_-420502709,2023-06-05 20:18:52.000000000,1,0,928,15.370525105829689,46.85,19.68477067982457,21.0412923745184,27.805721616176065,11,0.7156554460086697,0.0651013874066168,10,0.6505958600078816,0.2961909117988427,0,4.9867455,3.0,1,0,2
VM2_-42095831,2023-06-27 09:05:01.999000072,1,5,155,2.156330758855482,7.766666666666667,16.65834921004235,21.62865681984944,30.85591031233261,7,3.246255228356246,0.2339055793991416,2,0.9275014938160704,0.5374398240041999,0,6.0,3.0,0,0,2
VM2_-422068974,2023-03-09 20:41:49.000000000,1,0,371,5.274356696890229,18.966666666666665,16.685135420742377,17.62736764846999,24.542441569236683,2,0.3791931632495018,0.0588752196836555,17,3.223141887620766,0.3338944000766389,0,11.792,3.0,0,0,0
VM2_-422500074,2023-06-21 16:17:36.000000000,1,0,259,3.5431697162272746,13.033333333333331,16.311267235828886,18.088568321462397,24.644606577539047,4,1.1289326564517923,0.1048593350383631,3,0.8466994923388442,0.5117456762540443,2,5.504099,3.0,3,2,0
VM2_-425628208,2023-06-07 09:56:04.000000000,1,4,1232,6.6947367885078926,77.43333333333334,5.187484381969095,10.54484978905028,19.2999198799861,49,7.3191824485337245,0.5611278519156263,30,4.481132111347178,0.247639294242279,0,3.5,3.0,0,0,1
VM2_-433144022,2023-06-06 09:40:39.000000000,1,0,163,2.659785201286822,8.216666666666667,19.422366581404784,20.93483306101261,31.55870667807766,2,0.7519404194866511,0.0872210953346856,2,0.7519404194866511,0.6288068169722375,2,11.792,3.0,0,0,2
VM2_-438592021,2023-06-07 14:33:29.999000072,1,0,164,2.607954113048762,8.216666666666667,19.043883989808403,24.013761874500968,34.92345850613042,5,1.917211646854813,0.2089249492900608,0,0.0,0.4334040261347252,0,6.0,3.0,5,1,2
VM2_-44430547,2023-06-01 13:02:35.000000000,1,4,46,0.4819927897772823,2.2666666666666666,12.75863267057512,13.513333839549553,16.928449525558623,1,2.0747198323486886,0.0661764705882353,0,0.0,0.1943419332400755,0,2.4,3.0,0,0,1
VM2_-444570431,2023-06-22 12:10:57.000000000,1,0,105,1.346276343282954,5.233333333333333,15.435015400696283,16.90971279895251,21.966491732614934,3,2.228368651776476,0.0987261146496815,1,0.7427895505921587,0.3217136064083298,0,10.394752,3.0,2,0,1
VM2_-44864375,2023-06-27 15:22:49.000000000,1,0,136,1.2470547573863042,6.816666666666666,10.97652109190879,11.283083477476584,13.951136090447266,1,0.8018894070825686,0.0293398533007334,7,5.61322584957798,0.1620306750918993,0,1.8,3.0,0,0,1
VM2_-454013609,2023-06-14 10:37:41.000000000,0,0,441,6.198010157551749,22.416666666666668,16.589469566681263,20.778190707880363,30.297151769054043,14,2.2587894572812512,0.2118959107806691,7,1.1293947286406256,0.3331235320084026,0,3.5,3.0,0,0,2
VM2_-454953380,2023-06-07 08:15:36.000000000,1,4,97,1.1043440978889558,4.883333333333334,13.56873294334553,14.19206459116242,21.90717806730398,1,0.9055148679760068,0.0511945392491467,3,2.71654460392802,0.3455945235506314,0,1.9,3.0,0,0,1
VM2_-475818071,2023-04-17 15:34:03.000000000,1,0,308,4.140071771762867,15.766666666666667,15.755029998251926,18.63647613341889,27.912100418884297,8,1.9323336504848927,0.1659619450317124,9,2.173875356795505,0.5466950519213838,0,10.72,3.0,0,0,0
VM2_-485102923,2023-06-01 07:55:33.000000000,1,5,1010,16.469402889271972,51.05,19.35679085908557,22.79159908220904,28.60672706817809,20,1.2143731096060455,0.1560561540972902,7,0.425030588362116,0.2631399311823678,0,3.216,3.0,0,0,2
VM2_-496643117,2023-06-24 06:56:38.000000000,0,0,442,7.3063554068449905,22.15,19.791481914704264,21.553393620057975,26.32814703436347,4,0.5474685773227761,0.0842738901429646,2,0.273734288661388,0.2415290954985917,0,4.51792865,3.0,0,0,2
VM2_-502141659,2023-06-03 11:44:58.000000000,1,0,487,6.131884410139224,24.5,15.016859779932796,17.467852639049934,24.51833299062933,9,1.467738039079516,0.1653061224489796,8,1.3046560347373477,0.4468646249381324,2,9.935046,3.0,3,1,0
VM2_-510181865,2023-01-08 00:57:21.000000000,1,0,373,4.308579940950984,18.9,13.67803155857455,14.562331129488884,25.98185115982829,4,0.9283801286781104,0.074074074074074,18,4.177710579051498,0.4684306186376977,2,11.792,3.0,0,0,0
VM2_-512189366,2023-06-20 09:30:08.000000000,3,0,524,6.14080494936797,26.266666666666666,14.027219427490287,19.33251019193598,26.71214719066937,12,1.954141207698687,0.2772842639593909,3,0.4885353019246717,0.4040974498299551,0,2.1,3.0,0,0,2
VM2_-513821627,2023-05-30 11:41:26.000000000,1,4,188,1.7447089813692649,9.45,11.077517342027075,15.24148196336108,22.383108861032863,5,2.865807451782561,0.2821869488536155,0,0.0,0.2317087356236749,0,1.5,3.0,0,0,1
VM2_-521945790,2023-06-02 06:40:23.243999958,8,0,125,3.662966438189664,9.945933334032697,22.097271207253133,23.75247972798745,40.31296271222261,4,1.0920110974254265,0.1173008733805405,31,8.463086005047055,0.903307597569215,2,11.792,3.0,0,0,0
VM2_-523162442,2023-06-05 07:17:16.000000000,1,4,674,7.480808461233295,33.983333333333334,13.207901157645836,15.309763096535551,21.721875427371995,12,1.6041046983338572,0.1451692005885237,7,0.93572774069475,0.2262513698996904,0,1.7,3.0,0,0,1
VM2_-527052156,2023-06-14 19:37:55.000000000,1,0,96,1.100971236156032,4.783333333333333,13.810092160842215,17.192492167584042,24.35360776018621,5,4.541444713357969,0.2090592334494773,5,4.541444713357969,0.3416661276152354,0,5.7587204,3.0,1,0,1
VM2_-529128723,2023-01-07 21:15:54.000000000,1,0,204,2.5028962903702867,10.383333333333333,14.462964117709523,15.591256639300209,29.73246746099672,4,1.5981485191334983,0.0834670947030497,6,2.397222778700248,0.7128433824787838,4,8.576,3.0,0,0,0
VM2_-538140864,2023-06-19 17:29:02.000000000,0,0,367,5.95833062667874,18.85,18.965508626033127,20.82948389630449,27.06434343947394,4,0.6713289762890613,0.0778072502210433,10,1.6783224407226534,0.2589941948089718,0,4.0,3.0,0,0,2
VM2_-538845993,2023-06-26 05:49:54.000000000,1,5,924,11.319040190081784,46.45,14.620934583528678,18.8659309665244,25.8467116219571,25,2.208667835803432,0.2260495156081808,10,0.8834671343213727,0.304150077727305,0,1.7,3.0,7,0,2
VM2_-542399550,2023-06-15 11:40:41.000000000,0,0,633,11.3640806210533,32.233333333333334,21.153407567627653,21.99754751754004,30.79073953617035,7,0.6159759186353952,0.0413650465356773,14,1.2319518372707905,0.2717728088537102,0,4.0,3.0,2,2,2
VM2_-545456195,2023-06-22 18:35:39.000000000,1,0,401,5.135804177171255,20.28333333333333,15.192189842084238,18.238659943003203,27.34262613479913,8,1.5576917896441902,0.1865242399342646,15,2.920672105582857,0.5607383489049989,3,7.0201344,3.0,0,0,0
VM2_-557411229,2023-06-13 15:02:27.000000000,1,0,276,4.037549176051203,14.05,17.242202887051402,18.814869712813888,28.67572874695666,5,1.2383750096859727,0.0937129300118624,15,3.7151250290579183,0.6887931175712443,6,10.72,3.0,0,0,0
VM2_-559059262,2023-06-13 06:35:05.000000000,1,0,276,3.3540153413966936,13.85,14.530030359841271,14.72328353322468,20.867983289946757,1,0.2981500971857737,0.01323706377858,20,5.963001943715473,0.273968962182418,0,3.6,3.0,0,0,1
VM2_-570943556,2023-06-27 16:07:21.999000072,1,0,611,8.865963950267247,30.866683332125344,17.234045889938074,19.86164344411429,26.66689613078907,12,1.3534907278343131,0.1355290844928394,5,0.5639544699309639,0.2832654286858782,0,6.4208293,3.0,0,0,2
VM2_-571603384,2023-06-06 05:50:24.000000000,1,0,205,3.792204907547189,10.683333333333334,21.297874675772043,20.906387971785136,33.94455132264708,1,0.2636988307276896,0.0140405616224648,7,1.8458918150938275,0.7722250677928298,3,7.504,3.0,0,0,0
VM2_-574951059,2023-06-22 15:57:52.000000000,1,0,283,3.542053147571409,14.333333333333334,14.827199222391943,15.318839775818368,24.508192487961477,5,1.4116106652516565,0.0813953488372093,5,1.4116106652516565,0.7381633472694341,4,10.182364,3.0,3,1,0
VM2_-57711883,2023-05-01 16:03:37.000000000,1,0,548,8.722800715887093,28.266666666666666,18.515378878062226,19.32410799657749,32.424178854031,7,0.8024945459605302,0.0625,20,2.292841559887229,0.8085984446342593,13,8.576,3.0,0,0,0
VM2_-578610800,2023-05-26 08:36:08.000000000,0,0,454,7.778521642217909,23.066666666666663,20.2331487803356,21.94363808573871,29.890801560669384,8,1.0284730657018446,0.0809248554913294,11,1.4141504653400363,0.277838834893835,0,3.0,3.0,1,1,2
VM2_-586890215,2023-01-31 07:39:56.000000000,8,0,212,3.4748333397633946,10.916666666666666,19.09832064602782,22.588454386519334,30.77470850963024,5,1.4389179310511784,0.1648854961832061,7,2.0144851034716496,0.5578495201197126,1,10.72,3.0,0,0,0
VM2_-588190193,2023-05-09 21:52:13.000000000,1,0,423,7.238407883922073,21.916666666666668,19.816173674615563,20.509159791485764,31.184145280342605,5,0.6907596366745211,0.0555133079847908,15,2.072278910023563,0.6729891408358075,6,9.648001,3.0,0,0,0
VM2_-593463730,2023-04-28 07:58:37.000000000,1,0,257,3.8474615664621887,13.216666666666669,17.466408120130996,18.512507668814685,26.18687606708201,3,0.7797348844626809,0.0643127364438839,3,0.7797348844626809,0.4393086032015137,0,12.864,3.0,1,0,2
VM2_-593511245,2023-03-06 18:16:08.000000000,1,0,297,4.48841961142553,14.933333333333334,18.033828795906143,18.56672451856102,27.00996884212464,2,0.4455911374482201,0.0334821428571428,13,2.8963423934134305,0.5096067678430837,2,11.792,3.0,0,0,0
VM2_-597947779,2023-02-03 09:54:49.000000000,1,0,181,2.454868168942084,9.283333333333331,15.866293371977562,18.38520725019268,25.118731342570157,3,1.2220615501698564,0.1615798922800718,9,3.6661846505095697,0.4593707112655162,1,8.576,3.0,0,0,0
VM2_-599186608,2023-06-21 11:58:48.000000000,0,0,275,3.9016962159225375,13.95,16.7814891007421,18.087173423592304,25.223658077827988,4,1.0251951404305366,0.080047789725209,11,2.819286636183976,0.3164088055108544,0,4.5,3.0,3,0,0
VM2_-604770187,2023-05-29 18:46:02.000000000,1,0,213,1.220740840077288,10.716666666666669,6.834629897788861,15.802325377180225,28.21450953466821,12,9.830096287464464,0.5878693623639192,13,10.649270978086502,0.5882727101234408,0,5.2,3.0,0,0,1
VM2_-609819276,2023-03-06 07:40:07.000000000,1,0,104,1.57399110218929,5.316666666666666,17.762908990223963,19.437313459751337,26.241094834486866,1,0.6353276067501802,0.0940438871473354,1,0.6353276067501802,0.4629966296613238,1,8.576,3.0,0,0,2
VM2_-611889450,2023-02-08 21:43:45.000000000,1,0,268,3.802034657583509,13.683333333333334,16.671528340195653,16.71318758147065,22.0531812117891,0,0.0,0.0036540803897685,14,3.682238922276973,0.3137956573648314,0,10.72,3.0,0,0,0
VM2_-614495329,2023-06-09 07:43:23.000000000,1,1,473,7.740848062237212,23.85,19.473831603112483,24.051354832627812,33.922857719026254,13,1.6794025532446404,0.1977638015373864,7,0.9042936825163448,0.4341457968993147,0,3.216,3.0,0,0,2
VM2_-625878302,2023-06-02 12:17:30.566999912,3,2,934,14.17554361294703,46.82388333479563,18.164504013804777,20.4301387285412,26.711647175899763,15,1.0581604776200586,0.1131900992086548,19,1.3403366049854075,0.3453131910987691,0,1.9,3.0,0,0,2
VM2_-626219085,2023-06-10 12:20:21.000000000,1,4,1662,22.89786054007177,83.56666666666666,16.440426394945828,18.38768869825489,22.82701246856585,13,0.5677386311812715,0.1090945353011567,13,0.5677386311812715,0.1284131756842407,0,2.5,3.0,0,0,2
VM2_-629548341,2023-06-14 06:01:51.000000000,0,0,221,3.1737594292549502,11.166666666666666,17.05303573928033,19.351558580464665,26.826570910772183,5,1.575418714446723,0.1238805970149253,5,1.575418714446723,0.3361818635936288,0,4.5,3.0,1,1,2
VM2_-631122490,2023-04-18 16:55:04.000000000,1,0,548,8.71915044768234,28.0,18.68389381646216,19.741121394444832,31.940472331931684,6,0.6881404370760543,0.0708333333333333,18,2.064421311228163,0.739548749729598,9,10.72,3.0,0,0,0
VM2_-632418681,2023-04-20 15:51:39.000000000,1,0,210,2.821726936500774,10.566666666666666,16.022424245114806,18.624207106243635,25.818202186600008,3,1.0631787084686168,0.1529968454258675,12,4.252714833874467,0.5234882767425608,2,11.792,3.0,0,0,0
VM2_-632442790,2023-04-26 19:36:54.000000000,1,0,806,13.43190917633379,40.71666666666667,19.79323497126551,19.909124718278324,26.7434916184122,2,0.1488991604800216,0.0061399918133442,9,0.6700462221600973,0.4496487815858196,4,10.72,3.0,0,0,2
VM2_-633317514,2023-06-05 07:36:06.000000000,1,1,526,7.856365868427132,26.5,17.787998192665206,22.32945190147364,33.57785629261579,17,2.1638503456565026,0.2125786163522012,8,1.0182825156030602,0.4105996096273435,0,5.36,3.0,0,0,2
VM2_-637389608,2023-03-09 07:27:18.000000000,1,0,270,3.938690922320355,14.133333333333333,16.72085768909585,18.067325500416604,25.816348095391422,3,0.7616743885637629,0.088443396226415,13,3.300589017109639,0.4686300890028321,1,12.864,3.0,0,0,0
VM2_-646266104,2023-06-19 19:01:40.000000000,1,0,911,10.740560950682427,45.93333333333333,14.029760312937862,15.200214196885591,19.019057636058477,14,1.303470094744956,0.0867198838896952,29,2.700045196257409,0.1838545528877731,0,2.3,3.0,0,0,1
VM2_-666618169,2023-04-18 20:25:55.000000000,1,0,558,8.830965129034743,28.383333333333333,18.667923936890823,19.696285092548287,28.665185431100785,8,0.9059032487510716,0.0616559013505578,11,1.2456169670327235,0.6091468345125706,5,9.648001,3.0,0,0,0
VM2_-666693339,2023-03-10 11:24:17.000000000,1,0,261,3.692969947007621,13.633333333333333,16.252679473383175,18.789167462857367,32.69504584739047,7,1.8954933564168412,0.1723716381418092,10,2.7078476520240597,0.7485302284740699,3,8.576,3.0,0,0,0
VM2_-68172725,2023-06-04 07:49:50.000000000,1,4,2461,21.86173812179552,123.81666666666666,10.593923440363962,15.967353132525972,21.675865693451936,35,1.6009706000963395,0.3429802126800377,15,0.6861302571841456,0.1799141309596183,0,2.5,3.0,0,0,1
VM2_-685229386,2023-05-31 07:23:45.000000000,1,4,120,1.03108931277377,6.016666666666667,10.282331096912944,14.399464449600655,20.79296022555282,2,1.9396961788108624,0.2936288088642659,2,1.9396961788108624,0.2192392503618041,0,1.7,3.0,0,0,1
VM2_-68671649,2023-05-03 19:12:37.000000000,1,0,784,13.32404360947642,39.71666666666667,20.128643304286665,20.49085325489497,27.34377311661238,5,0.375261455647283,0.0260176248426353,6,0.4503137467767396,0.5604161539297631,10,6.432,3.0,0,0,2
VM2_-69160528,2023-05-09 15:43:10.000000000,1,0,434,6.749328624542649,22.9,17.683830457316983,18.883481445397056,39.09619525186971,10,1.4816288487771812,0.1229985443959243,14,2.0742803882880536,0.860917770558205,15,9.648001,3.0,0,0,0
VM2_-697183055,2023-01-07 17:11:54.000000000,1,0,834,11.46372088025598,42.516666666666666,16.177732328075866,18.770065750608257,26.072587984302803,16,1.395707394407768,0.1458251666013328,18,1.570170818708739,0.4778855933320495,4,10.72,3.0,0,0,0
VM2_-704179928,2023-06-03 18:24:11.000000000,0,0,457,7.434103767204797,22.9,19.478001136781128,20.847612977107403,28.374962605328296,5,0.6725760302213251,0.0676855895196506,2,0.26903041208853,0.3215909998718919,0,9.935046,3.0,0,0,2
VM2_-708083890,2023-06-15 15:16:19.000000000,1,5,598,6.636070996640485,30.1,13.22804849828668,17.014223641641664,23.88020394277395,14,2.109682070473253,0.23421926910299,15,2.260373646935628,0.3941651729046991,1,5.3329988,3.0,0,0,1
VM2_-710042488,2023-06-05 17:38:32.000000000,1,0,324,4.483143796472544,16.7,16.107103460380397,18.2809183379578,29.618438682099388,6,1.338346542602751,0.1387225548902195,14,3.1228085994064188,0.7249070057502558,4,10.72,3.0,0,0,0
VM2_-712810781,2023-06-16 07:20:15.000000000,1,4,111,1.039136194768977,5.566666666666666,11.200270362779394,14.75022230706251,20.329163944141897,3,2.887013285748329,0.2544910179640718,0,0.0,0.2681437275194016,0,1.7,3.0,0,0,1
VM2_-713205296,2023-06-28 18:37:23.000000000,1,0,72,1.135622513522666,4.333333333333333,15.724004033390765,15.616785868493093,25.83328869172773,0,0.0,0.0115384615384615,2,1.7611486001594503,0.7486786312118024,2,7.4353175,3.0,1,0,0
VM2_-719268966,2023-05-31 08:37:48.000000000,1,5,931,16.463914302568412,48.083333333333336,20.54422581949612,25.423579277055538,32.025320821085714,19,1.1540390487234224,0.2006932409012131,7,0.4251722811086293,0.2792369476789351,0,3.216,3.0,0,0,2
VM2_-727184525,2023-01-24 15:09:18.000000000,1,0,276,3.791628410040862,14.016666666666667,16.230514002553036,19.02821488518938,26.394737252670044,6,1.5824335486333532,0.1617122473246135,10,2.637389247722256,0.5222692873545799,2,12.864,3.0,0,0,0
VM2_-729988337,2023-05-31 18:17:27.000000000,1,1,482,7.835342492111346,24.35,19.306798748528987,22.971472894781105,30.70660791738871,11,1.4038952363696728,0.1683778234086242,5,0.6381341983498513,0.424248302684607,0,6.432,3.0,0,0,2
VM2_-731020016,2023-05-08 12:20:27.000000000,0,0,468,6.340567116280402,23.83333333333333,15.962266866160451,17.64012222448434,23.17885124980053,8,1.2617167917769916,0.0944055944055944,15,2.365718984581859,0.2217975638690908,0,3.0,3.0,1,0,1
VM2_-734100130,2023-06-12 06:07:00.000000000,1,5,1316,19.502468659048603,66.4,17.622712643718618,20.553044953613977,28.600551083148368,30,1.5382667971154942,0.1448293172690763,17,0.8716845183654467,0.3646841429999509,1,2.2,3.0,0,0,2
VM2_-738193778,2023-05-06 11:40:53.000000000,1,0,151,2.3104709486347037,7.716666666666667,17.96478491379035,18.750986720456616,32.27751642071257,2,0.8656243876088701,0.0647948164146868,15,6.492182907066526,0.7851056778809655,2,10.72,3.0,0,0,0
VM2_-739565907,2023-06-19 21:15:53.000000000,1,0,166,2.605110642468899,8.416666666666666,18.57108576809512,18.635491997981894,28.744957526993947,0,0.0,0.0178217821782178,11,4.222469410963348,0.5873317460120179,0,11.792,3.0,0,0,0
VM2_-743373568,2023-02-13 18:12:43.000000000,1,0,308,4.1485374440492615,15.533333333333331,16.024393560705303,17.682362172767228,27.902874790292653,5,1.2052440329716902,0.1008583690987124,16,3.856780905509409,0.5827993058641008,3,8.576,3.0,0,0,0
VM2_-745223930,2023-06-08 14:40:09.000000000,1,5,721,7.573010224308021,37.81666666666667,12.01535337483864,16.155947508471467,22.23324752567314,13,1.71662253383368,0.2697223446452181,20,2.640957744359508,0.3414455010085365,0,6.339646,3.0,0,0,1
VM2_-75894325,2023-06-28 06:08:37.000000000,1,0,136,1.356665740063412,6.8,11.97058005938305,12.467127214215012,16.435479951276076,0,0.0,0.0220588235294117,9,6.633911164867574,0.227017168322651,0,2.6,3.0,0,0,1
VM2_-764471137,2023-06-14 05:22:48.000000000,1,4,427,2.843371669913474,17.9,9.530854759486504,13.361290872318676,20.588410699212467,9,3.1652562678427043,0.3100558659217877,9,3.1652562678427043,0.2394430815070489,0,3.0,3.0,0,0,1
VM2_-766741755,2023-06-13 20:04:24.000000000,1,0,348,3.5009917703948066,16.666666666666668,12.603570373421304,17.185696401298724,33.65395163477756,6,1.7138000868032262,0.239,30,8.56900043401613,0.9425545179175592,4,5.4,3.0,0,0,0
VM2_-771277199,2023-06-15 22:23:45.000000000,1,0,197,2.7264151900301083,9.866666666666667,16.579551831264173,17.293447715428794,21.55982544372714,2,0.7335639880945328,0.0456081081081081,3,1.1003459821417994,0.3565008131080723,0,4.3537235,3.0,3,2,0
VM2_-771526000,2023-03-23 16:20:44.000000000,1,0,215,2.8047681040913948,10.966666666666669,15.345235827855657,17.139980993280133,23.53284586034286,2,0.7130714290006875,0.1063829787234042,11,3.9218928595037816,0.3911885688908334,1,12.864,3.0,0,0,0
VM2_-775680590,2023-05-31 09:24:48.000000000,0,0,380,6.382747139366417,19.25,19.8942767980252,22.91027346126812,30.90710528672096,9,1.4100511587700753,0.1376623376623376,2,0.3133447019489056,0.2996406418365024,0,4.0,3.0,0,0,2
VM2_-779801468,2023-06-18 03:20:41.000000000,1,0,284,4.284175361099458,14.466666666666669,17.768469239583006,18.14880696910632,31.7715874898793,2,0.4668342986517562,0.032258064516129,22,5.135177285169318,0.6980545508737757,5,12.864,3.0,0,0,0
VM2_-780581128,2023-06-16 13:08:33.000000000,3,0,790,9.177442766268978,39.68333333333333,13.87601594227985,17.706403971837243,24.58275227055704,28,3.050958825143749,0.2263754724905501,12,1.3075537822044638,0.3771175562596365,0,2.3,3.0,0,0,1
VM2_-7819856,2023-06-14 17:37:31.000000000,1,0,143,1.8951377066312989,7.15,15.903253482220691,16.335087096512314,24.0565671685468,1,0.5276661408302352,0.0279720279720279,9,4.748995267472117,0.3602057218869571,0,10.246136,3.0,5,2,0
VM2_-786784636,2023-06-13 18:08:52.000000000,1,0,121,1.7692167441253703,6.083333333333333,17.449808983154337,17.749302167488334,24.177511901688963,1,0.5652218719500983,0.0328767123287671,1,0.5652218719500983,0.5956422700331224,2,6.394451,3.0,1,0,0
VM2_-787340746,2023-03-16 08:25:19.000000000,1,0,223,3.8717629170357615,11.733333333333333,19.79878764393287,19.574759210587885,36.75144330297435,1,0.2582802773382633,0.0213068181818181,12,3.09936332805916,0.9263957004655836,6,11.792,3.0,0,0,0
VM2_-798414670,2023-06-19 15:04:30.000000000,2,5,454,7.229601031304241,23.05,18.81891808582449,21.59648082485732,27.99056869768384,9,1.2448819735736336,0.135936370209689,8,1.1065617542876742,0.4099766801478474,0,5.36,3.0,0,0,2
VM2_-804298780,2023-06-21 14:07:04.000000000,2,5,356,7.202063687655214,18.116666666666667,23.85228084228038,25.14435937922495,33.06554948167079,4,0.5553963660244007,0.0579576816927322,6,0.833094549036601,0.4894509278611962,1,6.432,3.0,2,0,2
VM2_-804978786,2023-05-04 07:51:54.000000000,1,0,260,3.920912409713431,13.25,17.755075062853276,18.67011216698027,31.862148484324408,4,1.0201707107995177,0.0566037735849056,8,2.040341421599035,0.7625575430608543,5,9.648001,3.0,0,0,0
VM2_-807314341,2023-06-01 15:42:37.000000000,1,1,499,7.857554691138662,24.683333333333334,19.100065420728686,22.489812899164725,32.00189137879546,12,1.5271926791082944,0.1566509115462525,3,0.3817981697770736,0.4083561458861158,0,4.288,3.0,0,0,2
VM2_-818379559,2023-06-06 11:39:36.000000000,1,2,128,1.235836256179859,6.4,11.58596490168618,12.11287547861442,17.600681473005853,2,1.6183373727699792,0.046875,11,8.900855550234885,0.3684560624689592,0,2.6,3.0,0,0,1
VM2_-825334517,2023-06-29 17:31:31.000000000,1,0,277,3.4013362662139026,14.033333333333331,14.542530354358728,16.7315962882162,26.63574514736153,4,1.1760083940340549,0.1508313539192399,5,1.4700104925425683,0.6849516461733641,5,10.966628,3.0,6,1,0
VM2_-835757604,2023-06-07 18:28:50.000000000,0,0,449,7.366434529696513,22.516666666666666,19.62928520126384,22.50221932560595,29.285684327117984,8,1.0860070727228182,0.1324944485566247,3,0.4072526522710568,0.334652322628646,0,9.935046,3.0,0,0,2
VM2_-837493528,2023-06-12 12:59:47.000000000,1,0,162,1.9668646661000495,8.1,14.569367897037406,16.25380227573218,24.07602314675003,4,2.0336935575396264,0.1131687242798353,4,2.0336935575396264,0.3543037203098383,0,5.03345575,3.0,3,0,1
VM2_-837610346,2023-06-12 17:05:15.000000000,1,5,1181,19.239441677318304,59.53333333333333,19.39025476997365,21.77580923081985,30.37722894114941,18,0.9355780849514204,0.1111422172452407,19,0.9875546452264992,0.3440130390228358,1,2.2,3.0,0,0,2
VM2_-838840308,2023-05-15 06:03:09.000000000,1,5,1259,18.66233295298728,63.6,17.605974483950263,21.74957449946756,30.553435362202983,30,1.607516063268923,0.1933962264150943,24,1.2860128506151385,0.3941158362117971,1,2.1,3.0,0,0,2
VM2_-846296970,2023-06-11 10:08:07.000000000,0,0,941,8.555089615430246,47.23333333333333,10.867439172741316,18.8458376236995,27.478251866904728,28,3.272905516909871,0.4393083980239943,13,1.5195632757081543,0.2711815259425766,0,3.7900925,3.0,0,0,1
VM2_-852388294,2023-06-26 16:11:26.000000000,1,0,180,2.200407780175772,9.033333333333331,14.615254628473764,14.636570916566022,18.11499035077641,0,0.0,0.0,8,3.6356897444531606,0.1963020442662625,0,2.6,3.0,0,0,1
VM2_-856410837,2023-06-19 06:16:42.000000000,0,0,228,3.225060246908269,11.566666666666666,16.729419148227336,19.675825857258022,27.349051381058743,6,1.8604303611853297,0.1585014409221902,3,0.9302151805926648,0.3941643827086286,0,4.5,3.0,0,0,2
VM2_-861784210,2023-06-22 16:25:44.000000000,0,0,334,5.293501018146415,16.733333333333334,18.98068094156085,21.319763434269184,26.82360660557253,4,0.7556435686491375,0.1115537848605577,0,0.0,0.3369822982533074,0,4.23652285,3.0,0,0,2
VM2_-869392912,2023-06-09 06:58:16.000000000,1,4,77,0.9334157162481383,3.85,14.546738435035923,15.243245503176224,20.21396056849044,1,1.0713340075518516,0.0519480519480519,0,0.0,0.2330267681809398,0,1.8,3.0,0,0,1
VM2_-875077369,2023-06-12 12:20:53.000000000,1,0,88,1.146101051077959,4.383333333333334,15.688075223880809,17.783872755952295,29.204917376383644,1,0.8725234123635569,0.1292775665399239,0,0.0,0.4714310620004256,0,10.6037975,3.0,3,2,2
VM2_-875694027,2023-06-15 05:55:18.000000000,0,0,412,7.382508083441554,20.65,21.45038668312316,23.261505614462045,29.500270183220945,4,0.5418212827930008,0.0799031476997578,4,0.5418212827930008,0.2918501637335269,0,4.2360342,3.0,0,0,2
VM2_-882851909,2023-05-06 10:48:28.000000000,1,0,194,2.191571522887979,10.033333333333331,13.105743326240406,14.911891529692006,24.59277383610474,2,0.9125871453944008,0.1362126245847176,12,5.475522872366404,0.5798684838874973,2,9.648001,3.0,0,0,0
VM2_-891586751,2023-06-11 19:17:31.000000000,1,0,83,1.542651657360832,4.133333333333334,22.393330510076595,22.392677672570304,30.340983661157555,0,0.0,0.0,0,0.0,0.6516018017542368,1,7.504,3.0,0,0,2
VM2_-892599212,2023-06-21 05:58:52.000000000,0,0,211,3.0686064384445144,10.7,17.207138907165504,18.660224952280576,26.90650216897834,3,0.9776424771893228,0.0856697819314641,3,0.9776424771893228,0.2814929487185635,0,4.5,3.0,0,0,2
VM2_-896277746,2023-06-09 06:06:07.000000000,1,0,99,1.179241347091465,4.933333333333334,14.342124491652957,14.334932425460888,18.801206325316357,0,0.0,0.0,4,3.392011321402342,0.1987010684911366,0,3.0,3.0,0,0,1
VM2_-903503212,2023-06-13 11:21:24.000000000,1,0,568,5.033300309490698,23.08333333333333,13.082946652827808,15.624162719857637,22.014000523012275,13,2.5827984027671547,0.1682310469314079,23,4.569566404895736,0.3674796889069618,0,3.7,3.0,0,0,1
VM2_-906169583,2023-04-21 15:19:40.000000000,1,0,136,1.8785877296359028,6.816666666666666,16.535246520022618,17.251885444566124,25.184415715327063,2,1.0646295450825864,0.0513447432762836,3,1.5969443176238796,0.5613008012994598,2,6.432,3.0,0,0,0
VM2_-906762688,2023-01-24 21:33:09.000000000,1,0,579,7.548408904448983,29.23333333333333,15.492743475493922,17.19037395188253,23.92306477081954,10,1.3247824974222135,0.1043329532497149,5,0.6623912487111068,0.4612327517860854,2,5.36,3.0,0,0,2
VM2_-908739592,2023-02-17 17:41:39.000000000,1,0,264,4.10946028252182,13.833333333333334,17.824165080817533,18.03271742336661,24.49998090281697,1,0.2433409575104441,0.0180722891566265,11,2.6767505326148857,0.3846738140395091,1,12.864,3.0,0,0,0
VM2_-909747422,2023-06-26 15:32:05.000000000,1,5,689,7.623838747854185,34.7,13.18243011156343,16.11196806997379,21.3161379668909,14,1.836345240636216,0.1897214217098943,9,1.1805076546947102,0.2545036982473612,0,5.374924,3.0,0,0,1
VM2_-915890980,2023-06-10 17:12:50.000000000,2,5,440,7.370730032737087,22.35,19.78719471875728,22.07245921560609,28.408849895036887,5,0.6783588569643044,0.1081282624906786,12,1.6280612567143304,0.3553759896401509,0,4.288,3.0,2,0,2
VM2_-919599257,2023-06-26 06:36:11.000000000,1,0,333,3.461257773116124,16.716666666666665,12.42325820859227,12.85281405593865,17.45008325606591,3,0.8667369484299172,0.0398803589232303,14,4.04477242600628,0.2779764078942976,0,3.3,3.0,0,0,1
VM2_-924785886,2023-06-15 18:07:45.000000000,0,0,432,7.381519829001424,21.683333333333334,20.425419972640377,21.789119451062227,28.916105831186247,5,0.6773672788028536,0.0691775557263643,4,0.541893823042283,0.3648957867015316,1,9.935046,3.0,0,0,2
VM2_-934559441,2023-03-18 19:20:57.000000000,1,0,176,2.542628080135657,8.866666666666667,17.20575392573001,19.39801790617305,31.186704682716577,3,1.1798815656279311,0.1353383458646616,5,1.966469276046552,0.8364601410078186,4,11.792,3.0,0,0,0
VM2_-943606021,2023-06-22 15:13:06.000000000,3,0,995,11.06200916090246,49.93333333333333,13.29213383820055,17.582735778336392,23.596677531163923,20,1.8079898243700567,0.2479973297730307,14,1.26559287705904,0.2888807584291859,1,2.2,3.0,0,0,1
VM2_-944469607,2023-06-22 13:27:43.000000000,0,0,580,8.182579993572162,29.35,16.72759112825655,19.124509446355656,26.524384220359156,12,1.466530117570084,0.1328790459965928,8,0.9776867450467228,0.2831082530441621,0,4.0,3.0,0,0,2
VM2_-945450868,2023-06-24 21:08:37.000000000,1,0,644,8.81868596377514,32.45,16.305736758906267,18.63931494855488,27.31724592227304,14,1.5875381046006565,0.1350796096558808,27,3.0616806303012662,0.5712233143199925,5,6.645849849999999,3.0,11,0,0
VM2_-948601044,2023-06-27 19:29:26.999000072,1,0,637,9.876944632241866,32.00001666545868,18.51926154070388,19.28275034310344,25.50005598270419,5,0.5062294248039235,0.0406249788426904,8,0.8099670796862777,0.2563402270147639,0,6.2269354,3.0,0,0,2
VM2_-949443883,2023-06-13 06:08:35.000000000,0,0,429,7.372710927750913,21.5,20.57500724023511,22.03598590444473,28.712196120752974,5,0.6781765959628202,0.0689922480620155,5,0.6781765959628202,0.2969901099327356,0,3.7900925,3.0,0,0,2
VM2_-950257590,2023-06-05 06:24:34.000000000,1,5,1447,19.548983723057056,64.88333333333334,18.07766283149381,21.76648649252466,30.20444282414501,26,1.3299924112850066,0.1708194194708451,12,0.6138426513623108,0.3435063957758008,0,2.0,3.0,1,0,2
VM2_-953416933,2023-02-01 21:54:48.000000000,1,0,256,3.740680103815448,13.966666666666669,16.069747462691662,16.2753657785511,24.797821095391583,1,0.2673310660753942,0.0178997613365155,14,3.742634925055519,0.4569778302382275,0,11.792,3.0,0,0,0
VM2_-957893414,2023-05-30 08:54:37.000000000,1,0,2166,11.599917708195177,107.28333333333332,6.487448151235458,17.166167773458536,26.14163637012847,99,8.534543303704465,0.6238931179120708,59,5.086242978975389,0.41033483293413,2,3.1,3.0,0,0,1
VM2_-958384282,2023-06-21 14:51:40.000000000,1,5,1675,14.419408922236585,84.25,10.269015256192226,13.58796248974985,19.53238250348283,37,2.565985901332005,0.258160237388724,54,3.7449523965386025,0.2358124895427926,0,4.9138455,3.0,0,0,1
VM2_-964228480,2023-03-08 13:15:49.000000000,1,0,210,3.754994096924388,10.8,20.8610783162466,21.375851285688523,39.09937548760168,2,0.5326240064233776,0.0432098765432098,5,1.331560016058444,0.8032273562847032,3,8.576,3.0,0,0,0
VM2_-964741425,2023-06-17 18:18:20.000000000,0,0,450,7.410618423168683,22.566666666666663,19.70326907194037,20.87262250188466,26.31929432924557,5,0.6747075229737798,0.0583456425406203,5,0.6747075229737798,0.2948432366187373,0,3.7900925,3.0,0,0,2
VM2_-970182570,2023-06-06 08:40:33.999000072,1,0,150,2.227156571602671,7.516666666666667,17.777746469555687,20.981615742282607,28.031061628577397,7,3.1430210561993723,0.1596452328159645,4,1.7960120321139272,0.4497781491390609,0,6.0,3.0,0,0,2
VM2_-975143345,2023-06-12 14:02:57.000000000,1,0,768,9.990871151742663,38.6,15.529851531206214,17.79147606211544,23.992677146857798,13,1.3011878346296626,0.1308290155440414,14,1.401279206524252,0.3268745582575568,0,5.4698405,3.0,15,3,1
VM2_-979064210,2023-06-09 10:44:08.000000000,1,4,161,2.0925701844468323,8.083333333333334,15.532479719605352,15.87793574714164,20.253297928897037,1,0.4778812234985315,0.0247422680412371,2,0.955762446997063,0.2724174845504765,0,1.7,3.0,0,0,1
VM2_-980393170,2023-06-12 20:56:52.000000000,1,0,1173,10.101178154644186,58.96666666666667,10.278191451870851,16.583530943146094,25.67842618152472,32,3.167947293879523,0.3928773318258903,69,6.83088635242772,0.5702720673842656,5,5.5,3.0,2,0,1
VM2_-981464689,2023-04-03 06:16:28.000000000,1,0,294,3.9724263596504095,14.933333333333334,15.960641623595398,18.448371825722127,28.240230289710528,7,1.762147203306754,0.1484375,9,2.265617832822969,0.5334888365981391,1,12.864,3.0,0,0,0
VM2_-991920884,2023-06-01 19:35:28.000000000,8,0,140,2.6820830784782834,6.983333333333333,23.04415055494468,24.14328009956405,34.69653193136495,2,0.7456890564086208,0.0501193317422434,10,3.728445282043104,0.549505662544213,0,11.792,3.0,0,0,0
VM2_-992669831,2023-06-05 19:59:04.000000000,0,0,379,4.000782191878729,19.216666666666665,12.49160094602205,13.91523392458494,18.92898645093205,7,1.7496578579582376,0.1127493495229835,11,2.749462348220088,0.223987308351945,0,4.0,3.0,0,0,1
VM2_-995883923,2023-05-15 08:04:33.000000000,0,0,470,7.83425324912212,23.866666666666667,19.69505006762544,23.31366743786958,32.77224065601002,6,0.7658675063475054,0.1634078212290503,7,0.8935120907387564,0.2695070187187329,0,4.5,3.0,1,1,2
VM2_1002089356,2023-06-29 05:33:08.000000000,1,0,830,11.17911075172279,41.68333333333333,16.09148288932509,18.709545519144932,24.14410836708112,12,1.0734306392081054,0.144342263094762,8,0.715620426138737,0.2295105664415678,0,1.7,3.0,0,0,2
VM2_1007733829,2023-02-01 19:22:30.000000000,1,0,88,1.0727326596798703,4.4,14.62817263199823,15.499882391781735,24.37134798839237,1,0.9321987085751864,0.0568181818181818,1,0.9321987085751864,0.3952546408030862,0,8.576,3.0,0,0,0
VM2_1013012581,2023-02-06 21:04:02.000000000,1,0,270,3.713962941459135,13.6,16.385130624084418,16.60154194697732,21.788908382421862,1,0.2692541675192704,0.0110294117647058,11,2.961795842711974,0.3431912929875895,1,6.432,3.0,0,0,0
VM2_1019330793,2023-04-06 17:57:03.000000000,1,0,122,1.621577883941007,6.1,15.94994639941974,17.37498650803473,23.78426927204127,5,3.083416497916359,0.0901639344262295,5,3.083416497916359,0.6550034279643919,1,11.792,3.0,0,0,0
VM2_102353376,2023-04-21 15:09:48.000000000,1,0,111,1.683771680513785,5.65,17.880761208995946,18.55580747772276,33.79513763845647,2,1.1878095012203325,0.0353982300884955,5,2.969523753050831,0.7230304533096052,0,9.648001,3.0,0,0,0
VM2_1030328414,2023-06-01 10:15:41.000000000,0,0,214,3.5931967766632744,10.833333333333334,19.90078214767352,22.16052996543256,33.99532653782628,5,1.39151855875901,0.1061538461538461,7,1.948125982262614,0.2860369259452247,0,3.5,3.0,0,0,2
VM2_1033423763,2023-06-14 07:24:10.000000000,1,1,500,7.809524896122835,25.2,18.59410689553056,23.08576117389368,33.39951307729819,15,1.9207314400709563,0.205026455026455,9,1.1524388640425738,0.4414600221750318,0,4.288,3.0,0,0,2
VM2_1040917351,2023-06-25 15:37:58.000000000,0,0,453,7.312931312712552,22.7,19.329333866200574,21.327154568243092,26.13129649517919,7,0.957208498298273,0.0969162995594713,4,0.5469762847418703,0.36265748493495,1,3.7900925,3.0,0,0,2
VM2_1041829526,2023-06-02 15:19:44.000000000,1,0,172,2.9276805902834133,8.766666666666667,20.037357652129828,20.466207374458552,30.994136075904624,2,0.6831346310925231,0.0342205323193916,4,1.3662692621850463,0.6540090562485286,2,9.648001,3.0,0,0,0
VM2_1049779828,2023-04-22 17:02:24.000000000,1,0,80,1.333165832965774,3.983333333333333,20.081158990279445,20.09929009936847,29.67778729837408,0,0.0,0.0,6,4.50056538476713,0.5303187492826836,0,12.864,3.0,0,0,0
VM2_1049924721,2023-06-14 12:48:30.000000000,0,0,475,6.345516363251429,24.15,15.765258045345163,19.38005599500682,26.97470616292259,10,1.575915879425141,0.1918564527260179,10,1.575915879425141,0.2911277320768865,0,3.0,3.0,0,0,2
VM2_1058182668,2023-06-08 16:22:58.000000000,1,1,467,7.767811696710423,24.183333333333334,19.272310205484164,22.54205933209624,30.88804648508014,8,1.029891082888622,0.1536871123363198,2,0.2574727707221554,0.3969989722877933,0,10.72,3.0,0,0,2
VM2_106181328,2023-02-08 19:12:26.000000000,1,0,332,4.535584919967323,16.833333333333332,16.166441298893428,17.207692999999953,24.8223471072343,4,0.8819149173881675,0.0742574257425742,16,3.52765966955267,0.5585028664698383,3,10.72,3.0,0,0,0
VM2_1062073815,2023-06-17 22:54:49.000000000,1,5,63,0.6082838183657538,3.1166666666666667,11.71027671720168,12.574613626142586,18.81159996599796,1,1.643969426454004,0.0802139037433155,4,6.5758777058160165,0.2832302642132412,0,10.72,3.0,0,0,1
VM2_1064309738,2023-04-28 22:11:48.000000000,1,0,401,5.998123417322475,20.916666666666668,17.205772352478814,17.516312603245403,26.624292596065853,2,0.3334376205437913,0.0318725099601593,11,1.833906912990852,0.4391581402886497,2,11.792,3.0,0,0,0
VM2_1072524806,2023-06-08 05:58:50.000000000,0,0,390,7.405720948211287,19.53333333333333,22.747948305085863,23.454318432124666,29.298921836945883,2,0.2700614854362103,0.030716723549488,3,0.4050922281543154,0.3183385987330534,0,3.7900925,3.0,0,0,2
VM2_1075503915,2023-06-18 12:06:08.918999910,1,5,402,4.634935138616831,20.50135000149409,13.564770529586728,15.757998144754566,22.147842988616013,7,1.5102692466347991,0.1512754038767237,8,1.7260219961540562,0.3385114523275364,0,4.288,3.0,0,0,1
VM2_1081934843,2023-06-23 05:35:14.000000000,3,0,807,11.107927595832454,40.55,16.435897799012263,18.551025788318388,24.26577680157232,11,0.9902837325053372,0.1171393341553637,9,0.8102321447770942,0.2785229099705769,0,2.1,3.0,0,0,2
VM2_1085393449,2023-06-04 07:54:28.000000000,1,0,345,6.158369587657469,18.05,20.47103464041264,20.29388239363314,33.91858166725873,2,0.3247612816236908,0.0304709141274238,7,1.1366644856829178,0.7686563765796397,6,7.504,3.0,0,0,0
VM2_1086269171,2023-06-13 16:51:52.000000000,1,5,1267,18.900532649405157,63.93333333333333,17.737726156897438,21.246143448489025,30.09394264920721,25,1.3227140453518813,0.1689259645464025,16,0.846536989025204,0.3955485748658945,0,2.2,3.0,0,0,2
VM2_1089815756,2023-06-08 19:02:40.000000000,1,5,250,2.987158015303037,12.516666666666667,14.31926611862974,15.29258524925364,19.86684742240951,5,1.673831774009038,0.0719041278295605,6,2.0085981288108457,0.2812190726683405,0,5.36,3.0,0,0,1
VM2_1095576456,2023-05-31 18:09:13.000000000,1,5,917,16.45731284040458,46.28333333333333,21.33465114348451,25.8230908838229,34.64582065417675,20,1.215265225492811,0.1782499099747929,5,0.3038163063732026,0.3003391265394752,0,3.216,3.0,0,0,2
VM2_1096636047,2023-06-05 07:19:09.000000000,2,5,369,7.049982693157945,19.15,22.088718620860405,23.62399231964809,31.90285400829503,8,1.134754558725946,0.0887728459530026,11,1.5602875182481757,0.5914219140747851,2,7.504,3.0,1,0,2
VM2_110081039,2023-06-26 12:29:20.000000000,1,0,132,1.4368882616572156,6.583333333333333,13.095690485989817,15.799838827209294,22.654275830339667,2,1.39189667935162,0.1772151898734177,5,3.47974169837905,0.3370698953481266,0,4.62863135,3.0,1,0,1
VM2_1112198479,2023-02-15 10:26:46.000000000,1,0,154,2.229550520528586,7.733333333333333,17.29823679720455,18.220598855520542,25.307356000849044,3,1.3455626918419208,0.0538793103448275,4,1.794083589122561,0.5995264681761661,3,6.432,3.0,0,0,0
VM2_1115802060,2023-06-08 06:01:26.000000000,1,5,1254,19.372453688589324,63.266666666666666,18.372190010253316,20.9057695544308,29.56829328352659,22,1.1356331187390238,0.1219704952581664,18,0.9291543698773832,0.3406482735663053,0,2.0,3.0,1,1,2
VM2_1116147194,2023-01-18 19:22:34.000000000,1,0,84,1.0485666974747252,4.2,14.979524249638931,16.29355959608024,24.04342634655305,1,0.95368277707876,0.0833333333333333,0,0.0,0.5186109621965737,1,6.432,3.0,0,0,2
VM2_1116684980,2023-01-26 19:05:33.000000000,1,0,228,2.155529967023308,11.416666666666666,11.328332673407168,12.18709030390842,19.02975499232864,4,1.8556921319557549,0.0832116788321167,11,5.103153362878325,0.3936887748928774,1,9.648001,3.0,0,0,1
VM2_1127622907,2023-06-15 07:22:16.000000000,1,4,71,0.9535068561430736,3.533333333333333,16.191625859033323,17.565712628075943,22.875214188351723,1,1.0487601568435394,0.0849056603773584,0,0.0,0.276630583150105,0,2.2,3.0,0,0,2
VM2_1143694199,2023-06-22 07:22:29.000000000,2,5,523,8.241833348616627,26.566666666666663,18.61392726161848,20.28849934863373,25.173219112593905,6,0.7279933658215847,0.0859473023839397,15,1.8199834145539613,0.3090972245499225,0,4.288,3.0,1,0,2
VM2_1149076978,2023-06-03 16:31:42.000000000,1,4,339,4.059954644107608,17.1,14.24545489160564,15.40214773891539,21.806304499397957,5,1.231540851634075,0.0799220272904483,5,1.231540851634075,0.2707274077860776,0,1.6,3.0,0,0,1
VM2_1149787879,2023-06-14 19:19:25.000000000,1,0,55,0.5248363796235517,2.716666666666667,11.591478322974147,14.33020425725974,21.37591025588133,1,1.9053557238491508,0.2024539877300613,4,7.621422895396603,0.3458029527256768,0,4.0695643,3.0,0,0,1
VM2_1159204697,2023-01-23 08:14:23.000000000,1,0,268,3.821922299750976,13.466666666666669,17.028366682058806,18.769873031960707,27.04494124238885,3,0.7849453140885335,0.0965346534653465,6,1.569890628177067,0.3599639737134391,0,11.792,3.0,0,0,2
VM2_1160916502,2023-06-05 17:56:51.000000000,1,5,887,16.55337893932384,44.75,22.194474555518,24.88108313635896,31.06482722654295,14,0.8457487774137709,0.1128491620111731,7,0.4228743887068854,0.2539049210333867,0,3.216,3.0,0,0,2
VM2_11698396,2023-06-27 09:38:46.000000000,1,0,295,3.92205823649756,14.9,15.793523099990171,16.528490697731627,28.104390766048187,4,1.0198726685843509,0.0906040268456375,12,3.0596180057530526,0.7916207318201414,6,11.333494,3.0,4,0,0
VM2_1187856972,2023-06-01 14:07:08.000000000,1,0,184,2.691329051190932,9.566666666666666,16.879415652068563,18.98125604316708,31.20974702178343,3,1.114690899157232,0.1463414634146341,0,0.0,0.6527161869580439,2,7.504,3.0,0,0,2
VM2_1193533833,2023-01-28 18:05:31.000000000,1,0,93,1.336111664329925,4.75,16.87719997048326,17.991140809193322,26.299943033791397,2,1.49688087709572,0.0666666666666666,8,5.98752350838288,0.4516097959112125,0,11.792,3.0,0,0,0
VM2_1196327508,2023-06-02 16:14:39.000000000,1,1,540,7.742940528975318,27.183333333333334,17.09048798547587,22.554904441205668,31.951414014332663,15,1.937248509641474,0.2513795217657878,7,0.9040493044993544,0.3849703642054773,0,4.288,3.0,0,0,2
VM2_1206813257,2023-06-08 15:28:36.000000000,1,4,197,2.0553065010638245,9.9,12.456403036750451,13.318726781858985,19.41791244155425,2,0.9730908742636692,0.0707070707070707,1,0.4865454371318346,0.2724259205068271,0,1.8,3.0,0,0,1
VM2_1206899111,2023-05-03 17:18:27.000000000,1,5,915,16.442709240642813,46.16666666666666,21.3695860167199,25.3909256572114,32.32210126642733,16,0.973075651088658,0.1631768953068592,7,0.4257205973512879,0.2792142435332844,0,3.216,3.0,0,0,2
VM2_1220666202,2023-06-29 14:32:28.342000008,1,0,149,2.0652600850646685,7.660950001080831,16.17496590976285,21.369594633137787,26.73732456486079,4,1.9368020662030807,0.2371333406966976,2,0.9684010331015404,0.3302773580717994,0,6.0,3.0,1,1,2
VM2_1223406339,2023-06-06 06:25:19.000000000,1,1,511,7.877170058967546,26.08333333333333,18.120007803375824,23.050450091831863,32.12817518553115,15,1.9042371673725216,0.2185303514376997,12,1.5233897338980174,0.4205007154599646,1,9.648001,3.0,0,0,2
VM2_1226088250,2023-06-01 11:10:37.000000000,1,2,101,1.5062601190216265,5.033333333333333,17.955418637343893,18.454622633592,24.88169250713036,0,0.0,0.009933774834437,6,3.9833757292181575,0.3708388882997123,0,2.4,3.0,0,0,0
VM2_1229789882,2023-03-02 07:28:06.000000000,1,0,146,2.199934762433689,7.55,17.482925264373684,18.437551594426125,28.53284541173981,2,0.90911786756235,0.0728476821192053,3,1.3636768013435248,0.4081834973905625,0,11.792,3.0,0,0,0
VM2_1231343920,2023-04-12 16:09:30.000000000,1,0,277,3.997095094849165,14.116666666666667,16.988833933243207,18.690485796678765,26.807142539080463,5,1.250908442594529,0.1062573789846517,10,2.501816885189058,0.5744931361941075,3,11.792,3.0,0,0,0
VM2_1242106669,2023-06-08 15:28:55.000000000,1,5,128,1.321129481653084,6.4,12.38558889049766,15.61730796475656,24.276143804469896,4,3.027712314007964,0.2239583333333333,5,3.7846403925099534,0.3864103658508612,0,11.1447735,3.0,0,0,1
VM2_1244305688,2023-06-24 16:11:32.000000000,0,0,440,7.493756685294767,22.116666666666667,20.3297091688479,21.545627788536283,26.985895656471428,5,0.6672220903317633,0.0625470987189148,5,0.6672220903317633,0.3704413041568353,1,4.5057255000000005,3.0,0,0,2
VM2_1245726047,2023-02-08 17:09:18.000000000,1,0,294,3.957164992083728,15.533333333333331,15.285186664701092,18.33717232287333,26.659813308323976,6,1.516237006039158,0.177038626609442,9,2.2743555090587373,0.4482314581878813,1,11.792,3.0,0,0,0
VM2_1248359567,2023-04-11 19:47:26.000000000,1,0,519,8.256832204250522,28.016666666666666,17.682686457645378,18.41312140663868,25.558415973403854,5,0.6055591147202989,0.0464009518143961,35,4.2389138030420925,0.4996601605587895,4,12.864,3.0,0,0,0
VM2_125151693,2023-05-08 17:16:48.000000000,1,0,326,4.59907855789353,17.133333333333333,16.105722576280847,16.67666107196969,25.412430190042357,7,1.5220440164010027,0.0729571984435797,23,5.001001768174723,0.5760146216083002,4,12.864,3.0,0,0,0
VM2_125557307,2023-06-02 11:22:03.000000000,1,1,445,6.183958522580469,22.4,16.564174614054828,21.45372538064545,30.606255602558303,14,2.263922041016216,0.238095238095238,5,0.80854358607722,0.4246390189141812,0,3.216,3.0,0,0,2
VM2_1262371249,2023-06-10 10:03:40.000000000,1,4,964,14.072838531983368,48.45,17.42766381669767,19.50281097731148,24.94276606636231,7,0.4974120881221713,0.109391124871001,4,0.284235478926955,0.1460566966205782,0,2.5,3.0,0,0,2
VM2_1267231788,2023-04-18 06:05:41.216000080,1,0,250,3.926485338980232,13.863066665331525,16.994011933014104,17.730164619140666,31.83420125694936,4,1.0187227646796362,0.1142123436002007,12,3.0561682940389083,0.7816441248698447,5,12.864,3.0,0,0,0
VM2_1286962307,2023-04-09 18:26:10.000000000,1,0,377,4.99341030463717,19.03333333333333,15.741048245791427,16.662674687888817,22.611042755766885,3,0.6007918069969188,0.063922942206655,10,2.0026393566563963,0.3166789113061717,1,11.792,3.0,0,0,0
VM2_1287352971,2023-01-17 07:50:29.000000000,1,0,264,4.013668813155036,14.3,16.840568446804348,18.060387547168105,29.535606197767716,6,1.4948916513327275,0.1235431235431235,19,4.733823562553638,0.5298333819261702,2,12.864,3.0,0,0,0
VM2_1287739103,2023-06-20 13:58:36.686000109,1,1,618,11.236054579327954,31.155216666062675,21.638856888260456,26.495671094150925,33.35244069801358,11,0.9789913285253842,0.1866996056876328,3,0.2669976350523775,0.2919445281541221,0,1.6653303,3.0,0,0,2
VM2_1298416426,2023-05-16 12:44:14.000000000,0,0,387,5.061559922067471,19.65,15.45514480020602,19.0902052991618,27.267163570587478,10,1.9756755138671456,0.1993214588634436,6,1.1854053083202871,0.3696590407934654,0,4.0,3.0,0,0,2
VM2_1300619467,2023-05-31 15:19:17.000000000,2,5,424,7.313663725863715,21.616666666666667,20.300068938403527,23.68805362268245,31.60117955373616,9,1.2305733948599251,0.1511179645335389,8,1.0938430176532667,0.4592807892249952,0,7.504,3.0,0,0,2
VM2_1314349658,2023-06-28 10:25:45.000000000,1,0,87,0.7066772522151753,4.333333333333333,9.78476195374858,14.515280277258118,21.331200450032487,3,4.2452194273922,0.3384615384615385,2,2.8301462849281336,0.3069463306150828,0,5.424148,3.0,0,0,1
VM2_1316948102,2023-06-05 17:49:03.000000000,1,0,445,4.632377946006068,22.4,12.408155212516252,15.886062588634577,23.19424877948989,13,2.806334058128462,0.2321428571428571,11,2.37459035687793,0.4495131401008472,2,7.2013607,3.0,2,0,1
VM2_1319772982,2023-04-05 15:12:57.000000000,1,0,268,4.110659882833661,14.483333333333333,17.02920089551344,18.22715281889372,27.959861441398395,4,0.9730797764865484,0.1081703107019562,12,2.919239329459645,0.4881361681718182,1,12.864,3.0,0,0,0
VM2_1323970210,2023-06-11 19:06:18.000000000,1,5,452,5.334722938243588,22.7,14.10058926407997,15.806774121214966,21.91670403117257,10,1.874511594278299,0.1145374449339207,7,1.3121581159948092,0.3082463570792405,0,6.432,3.0,0,0,1
VM2_1325618021,2023-06-01 14:17:41.000000000,1,4,134,1.1840012321895794,6.716666666666667,10.576685945117832,13.876979943255622,18.50180023220301,6,5.067562293752153,0.2481389578163771,2,1.6891874312507176,0.245432727984981,0,1.5,3.0,0,0,1
VM2_1328241895,2023-06-12 13:13:57.000000000,1,0,113,1.1425946325859928,5.633333333333334,12.16964697428868,16.86934156750184,23.133423247808214,3,2.6256030918071174,0.2899408284023668,0,0.0,0.3826855844180666,1,5.6452723,3.0,3,3,1
VM2_1338274306,2023-06-05 15:14:53.000000000,1,2,148,2.2259591188263665,7.4,18.048317179673244,18.041496579823782,22.34215334097196,0,0.0,0.0,3,1.3477336464210292,0.1974554122995,0,2.6,3.0,0,0,2
VM2_1342083739,2023-02-06 16:24:21.000000000,1,0,232,3.576620325814146,12.15,17.662322596613066,18.4933509568395,27.3459480836897,3,0.838780671895083,0.0534979423868312,7,1.957154901088527,0.4926232660715973,1,11.792,3.0,0,0,0
VM2_1343698618,2023-06-13 06:11:12.000000000,1,5,1281,19.318773067496828,64.68333333333334,17.920016244006334,21.17965123838661,28.918324960926167,22,1.1387886758199073,0.1556299922700335,16,0.8282099460508416,0.3200140966442091,1,1.9,3.0,1,0,2
VM2_1347158951,2023-06-18 10:39:47.000000000,0,0,588,6.729838154691383,29.466666666666665,13.703290360231325,19.57588903477536,25.922769500743566,15,2.228879752411798,0.3099547511312217,5,0.7429599174705992,0.2370718723645614,0,3.7900925,3.0,0,0,2
VM2_1359562843,2023-06-01 05:46:46.000000000,3,2,898,14.77558042687445,44.98333333333333,19.70807318886552,21.07389296631301,26.969844736371883,8,0.5414338908439267,0.0670618747684327,15,1.0151885453323624,0.3305155219146655,0,1.95,3.0,0,0,2
VM2_1361212472,2023-06-05 16:04:28.000000000,1,1,474,7.867341226834451,23.883333333333333,19.764430158132605,22.50389197410662,29.776508812207904,9,1.1439697021532764,0.1263084438241451,8,1.0168619574695792,0.3993910491532715,0,5.36,3.0,0,0,2
VM2_136199600,2023-06-20 14:39:48.000000000,1,4,196,1.6750322312648842,9.816666666666666,10.237888000939869,14.687261998929014,20.245839697503875,5,2.985017187534534,0.3174872665534805,4,2.3880137500276275,0.2258501768915047,0,3.0,3.0,0,0,1
VM2_1367092764,2023-06-01 15:05:39.000000000,1,4,179,1.7583334541791606,8.966666666666667,11.765800065139366,12.895671434710396,19.118159715214706,4,2.274881360240804,0.1003717472118959,2,1.1374406801204018,0.2338515726925368,0,1.7,3.0,0,0,1
VM2_1378181549,2023-06-02 10:41:30.000000000,1,4,227,2.3565198626484607,11.433333333333334,12.366576538679968,13.927299699612371,19.72248186171972,3,1.2730637443591672,0.119533527696793,5,2.121772907265279,0.1839138554293826,0,1.5,3.0,0,0,1
VM2_1385164593,2023-05-30 06:25:53.000000000,1,0,100,1.759274802408593,5.266666666666667,20.042371166680173,20.1097763586997,33.86707925875459,1,0.5684160306456485,0.0379746835443038,6,3.410496183873891,0.7920792391362771,1,11.792,3.0,0,0,0
VM2_1388594275,2023-02-06 18:12:42.000000000,1,0,344,4.515688772934275,17.55,15.438252215159912,16.452150685091112,24.13151670685795,5,1.1072507985865956,0.0655270655270655,12,2.6574019166078298,0.4915689817160562,3,10.72,3.0,0,0,0
VM2_1389737209,2023-06-01 12:49:00.000000000,1,4,178,2.4086392845827342,8.95,16.14730246647643,16.91857886051323,21.705222165509404,3,1.2455165118340712,0.0502793296089385,4,1.6606886824454283,0.2442095341481564,0,1.9,3.0,0,0,1
VM2_1391270241,2023-04-19 06:33:07.000000000,1,0,237,3.888163691881141,13.016666666666667,17.922393458094888,18.7523990262958,27.82943038702328,4,1.0287632715547406,0.0640204865556978,3,0.7715724536660554,0.6884101102977692,4,10.72,3.0,0,0,0
VM2_1396727389,2023-06-03 14:22:29.000000000,1,4,388,4.060716732381283,21.366666666666667,11.40294870247474,14.247490650660575,21.999647828669424,14,3.447667227896029,0.2152886115444617,4,0.9850477793988656,0.2944632732444092,0,1.7,3.0,0,0,1
VM2_1398550390,2023-06-08 07:19:48.000000000,0,0,203,3.168126704202309,10.283333333333331,18.485018047209586,21.05989214118237,28.23890239115589,4,1.262575765891644,0.1312803889789303,6,1.893863648837466,0.3765313288722995,0,4.0,3.0,0,0,2
VM2_1412834041,2023-06-07 05:10:04.000000000,0,0,369,7.263308920793074,18.466666666666665,23.599198659616487,24.043481806335382,30.04293073158426,2,0.2753565932290846,0.0189530685920577,2,0.2753565932290846,0.2797374839784328,0,3.808471,3.0,0,0,2
VM2_1412961763,2023-06-08 14:43:21.000000000,1,0,182,1.7970547829302064,5.716666666666667,18.86121638060858,20.419771559293828,38.46834109305168,0,0.0,0.0,4,2.225864251883161,1.7777472421778486,1,6.1,3.0,0,0,0
VM2_1416190458,2023-06-15 06:23:06.000000000,1,5,629,6.366264692551529,31.75,12.030736426869032,16.22032671169716,23.00864390868309,19,2.984481625815814,0.2713910761154856,15,2.356169704591432,0.3121496926682831,0,5.927704,3.0,0,0,1
VM2_1420369055,2023-06-20 15:15:18.000000000,1,5,442,5.800424350258731,22.15,15.712210429594755,19.92633289268745,27.362312946173905,11,1.896412975286772,0.2174567343867569,2,0.3448023591430494,0.2944797583205656,0,3.7900925,3.0,1,0,2
VM2_1422546253,2023-02-03 07:31:50.000000000,1,0,220,3.920735651256368,11.916666666666666,19.74076691541668,19.30853329194504,45.14642683687681,2,0.5101083515689502,0.0335664335664335,15,3.825812636767126,1.061387862593712,10,10.72,3.0,0,0,0
VM2_1429670921,2023-06-28 13:16:45.000000000,1,1,638,11.914488953597424,32.1,22.27007281046248,23.250428820728708,30.88405648205222,4,0.3357256879064252,0.043613707165109,8,0.6714513758128504,0.311575038470882,0,5.084804999999999,3.0,1,1,2
VM2_1435096359,2023-06-02 19:57:41.000000000,1,1,526,7.790185367972134,26.5,17.638155550125585,20.751247286506835,30.60687756913845,12,1.5403998022095493,0.1591194968553459,5,0.6418332509206456,0.4431364862812023,0,4.288,3.0,2,0,2
VM2_1439274628,2023-06-14 07:32:42.000000000,1,4,80,0.9472222695804,4.0,14.208334043706,16.566296890145924,22.832862855966383,2,2.1114368445813243,0.15,1,1.0557184222906622,0.295965823200049,0,1.75,3.0,0,0,1
VM2_1441188928,2023-06-04 14:07:03.000000000,1,0,527,7.48709521736921,26.716666666666665,16.814437169388118,18.336808360315885,27.64229995846153,6,0.8013788827048282,0.1010605115408608,20,2.6712629423494274,0.5362749720024402,3,10.822229,3.0,7,2,0
VM2_1445829922,2023-05-08 07:24:30.358000040,1,0,261,3.971138174924934,13.54403333266576,17.592122275779992,18.679972899426144,30.669457871886365,3,0.7554509230988188,0.059066600055579,15,3.777254615494094,0.6884857294495123,5,11.792,3.0,0,0,0
VM2_1450631614,2023-03-14 07:43:48.000000000,1,0,143,1.9513151477444548,7.166666666666667,16.33659193460474,18.17329198957352,25.456784739300808,5,2.5623744097818086,0.1116279069767441,4,2.049899527825447,0.4525409406987226,0,10.72,3.0,0,0,0
VM2_1451238710,2023-06-26 18:20:56.000000000,1,0,527,6.435843657361116,26.55,14.544279451663538,15.65806971978895,22.43495809286068,6,0.9322787064812222,0.0847457627118644,10,1.5537978441353706,0.3310200596444514,1,4.3903403,3.0,4,1,1
VM2_1451435977,2023-06-12 18:10:44.000000000,1,1,503,7.834301688060374,25.33333333333333,18.554925050669308,22.635218603806607,31.20787908520016,11,1.4040817469110505,0.1888157894736842,5,0.6382189758686592,0.3763111327159366,0,6.432,3.0,0,0,2
VM2_1453257397,2023-06-29 05:54:42.000000000,1,5,969,11.380797720330644,50.16666666666666,13.611585313352265,17.898303987321604,26.07895898593423,33,2.899620994146029,0.2458471760797342,17,1.4937441484994696,0.3525210332179178,0,1.7,3.0,4,0,1
VM2_1455272378,2023-04-05 20:57:12.000000000,1,0,352,4.942260965015393,17.933333333333334,16.535445607858193,17.30898128577775,24.082664424295853,4,0.8093461734041683,0.0529739776951672,6,1.2140192601062525,0.4251345574706075,1,11.792,3.0,0,0,0
VM2_1464413517,2023-06-16 14:06:11.000000000,1,5,585,6.504792712757087,29.433333333333334,13.26005309508806,16.350061535865,21.82382564716468,15,2.3059920065680584,0.1987542468856172,6,0.9223968026272232,0.2648474036890825,0,4.7833385,3.0,0,0,1
VM2_1466374465,2023-05-31 05:33:25.000000000,3,0,837,11.112341054204304,42.06666666666667,15.849614815822305,19.09454575526168,24.118185098780245,16,1.439840617018002,0.1735340729001585,9,0.8099103470726261,0.2534623739747084,0,2.0,3.0,0,0,2
VM2_1476783788,2023-06-08 16:45:38.000000000,1,5,1227,19.266555374639218,62.13333333333333,18.60504274375032,21.20715170292458,31.362186193364124,27,1.4013921780506962,0.1244635193133047,12,0.6228409680225316,0.3905170030915489,0,1.9,3.0,0,0,2
VM2_1478770510,2023-02-20 08:23:51.000000000,1,0,265,3.883015830104165,13.383333333333333,17.40829014741593,17.705504456153403,25.330441213467967,1,0.2575317855382459,0.0224159402241594,4,1.0301271421529838,0.4104817598268068,0,7.504,3.0,0,0,0
VM2_1485000319,2023-06-13 10:59:30.000000000,1,5,92,0.7769095813432026,4.583333333333333,10.170452701220109,11.740429822491128,16.42092559698479,2,2.574302142782421,0.1527272727272727,8,10.297208571129683,0.1861032726844779,0,3.7968477,3.0,0,0,1
VM2_1487937024,2023-06-12 18:11:00.000000000,1,0,156,2.2393111504372034,7.816666666666666,17.188742306127786,17.485658668111185,22.96815553308124,1,0.446565900323749,0.0191897654584221,7,3.125961302266244,0.2567292614187823,0,3.1,3.0,0,0,0
VM2_1490928486,2023-06-20 15:51:02.000000000,1,0,192,2.69985062347416,9.616666666666667,16.844821914223527,18.47350144748033,25.54871905082872,3,1.1111725863335389,0.0918544194107452,8,2.9631268968894373,0.5025664187279074,0,4.8177395,3.0,5,2,0
VM2_1503891867,2023-04-29 22:26:52.000000000,1,0,296,4.176507569936733,14.933333333333334,16.780610772067234,17.53185480659708,25.643095507672083,1,0.2394344995800278,0.046875,7,1.6760414970601951,0.5676554407111855,2,11.792,3.0,0,0,0
VM2_150726231,2023-06-21 17:40:00.000000000,3,0,131,1.7959848846345017,6.533333333333333,16.4937387364393,19.048252302079813,22.405730884147307,3,1.6703926773918956,0.1377551020408163,3,1.6703926773918956,0.2420392755562502,0,2.2,3.0,0,0,1
VM2_1519689675,2023-06-15 15:45:38.000000000,0,0,211,2.2244584751626992,10.683333333333334,12.493058518854474,15.459560883648107,22.373964039573323,6,2.6972856841309,0.2090483619344773,4,1.7981904560872668,0.297299887183424,0,4.5,3.0,0,0,1
VM2_1523972062,2023-06-02 19:57:57.000000000,1,5,147,2.081234037659894,7.35,16.989665613550155,21.945863890511013,29.45538326366814,5,2.402420827991992,0.2312925170068027,1,0.4804841655983984,0.427362778958835,0,4.0,3.0,0,0,2
VM2_1528835605,2023-05-03 22:42:09.000000000,0,0,578,9.315974210688768,29.466666666666665,18.969178257058577,20.14571013872687,27.292763466575,9,0.9660825369904704,0.0644796380090497,14,1.5027950575407316,0.277824084741414,0,3.5,3.0,0,0,2
VM2_1528960201,2023-06-18 10:00:50.000000000,1,0,259,3.30462690717396,13.0,15.25212418695674,18.419833010015704,25.16538314725404,3,0.9078180636632078,0.1782051282051282,7,2.118242148547485,0.4302216417379788,0,3.9695578,3.0,0,0,0
VM2_1542035278,2023-06-27 20:56:05.000000000,1,0,266,3.473689433749612,13.383333333333333,15.573202940845084,16.036726517293225,23.66872110563853,4,1.1515134200360198,0.0983810709838107,10,2.8787835500900494,0.5427775130816567,3,10.464329,3.0,3,0,0
VM2_1542775215,2023-05-28 19:12:31.000000000,1,0,74,1.0737682436623306,3.8333333333333335,16.806807292106047,16.715812965418827,23.41460142706413,0,0.0,0.0,4,3.725198639100269,0.2924434380995693,0,12.864,3.0,0,0,0
VM2_1551827261,2023-01-11 19:20:52.000000000,1,0,79,1.110919889062106,3.933333333333333,16.946235595862635,16.953012550587832,26.01214660652958,0,0.0,0.0,3,2.7004647495624097,0.6620758640105882,1,9.648001,3.0,0,0,0
VM2_1554438744,2023-06-12 06:51:09.000000000,1,4,105,1.0979194822330591,5.316666666666666,12.390313906078411,14.777180438545834,23.428352113768927,3,2.732440810594141,0.1755485893416928,4,3.6432544141255216,0.2986341261480058,0,1.7,3.0,0,0,1
VM2_1555585701,2023-06-02 06:09:55.000000000,1,0,224,3.8929639119268833,11.766666666666667,19.85080748291329,20.11817159349672,41.22099973152389,2,0.5137473773832311,0.065155807365439,3,0.7706210660748466,0.8810567722960292,9,9.648001,3.0,0,0,0
VM2_1556636644,2023-05-07 16:50:41.000000000,1,0,273,4.848572697950665,15.483333333333333,18.78887159593369,18.881831915225145,42.26462883905008,4,0.8249850521351718,0.0570505920344456,21,4.331171523709652,0.8661993461136936,8,11.792,3.0,0,0,0
VM2_1562446167,2023-05-24 17:54:56.000000000,1,5,933,16.527243507760517,47.06666666666667,21.068724018391592,25.071253321865957,32.480847163837495,20,1.210123151547251,0.1657223796033994,7,0.4235431030415378,0.2915854412413669,0,3.216,3.0,0,0,2
VM2_1566618415,2023-06-12 11:36:33.000000000,1,0,251,0.6850393407948713,12.783333333333331,3.215308509597831,9.196936692874928,13.436366403554842,19,27.73563336954304,0.7157757496740548,16,23.35632283750993,0.332185643750826,0,2.9,3.0,0,0,1
VM2_1576432450,2023-06-27 15:38:23.250000000,3,0,778,10.702124048799558,39.079166666666666,16.431451786194014,18.179074192487224,23.694021499821854,15,1.4015909301371374,0.1013997227719298,10,0.9343939534247584,0.3001888559860856,0,2.2,3.0,0,0,2
VM2_1581780386,2023-06-21 10:51:25.000000000,0,0,314,4.249062604473823,15.933333333333334,16.00065415910645,19.2909423227695,25.28098674505904,6,1.4120761585585069,0.1788702928870293,3,0.7060380792792533,0.233361713929294,0,3.0,3.0,0,0,2
VM2_1589901380,2023-06-15 22:10:34.000000000,1,0,209,2.844391543868445,10.616666666666667,16.075054251061854,16.7459619387664,26.62951771624348,3,1.054707115293953,0.0659340659340659,11,3.867259422744493,0.5105356938264791,2,6.2589874,3.0,1,0,0
VM2_1592893660,2023-06-08 17:52:17.000000000,2,5,397,6.531737467441714,20.166666666666668,19.433268498173696,20.75750873617033,25.07444791229606,4,0.6123944846127871,0.0677685950413223,14,2.143380696144755,0.3189193399477407,0,5.36,3.0,3,0,2
VM2_1596258878,2023-06-07 05:42:01.000000000,3,0,723,10.773242313313755,36.31666666666667,17.79883998528202,19.40695227049716,24.16937529856665,10,0.9282256640270524,0.0862781092244148,6,0.5569353984162315,0.2597351303632331,0,2.1,3.0,0,0,2
VM2_1600193521,2023-06-01 05:33:11.000000000,3,0,802,11.067363400682796,40.3,16.477464120123273,19.18696102096542,25.264871991656836,12,1.0842690861004585,0.1430934656741108,6,0.5421345430502292,0.2264029302236569,0,2.1,3.0,0,0,2
VM2_1607071261,2023-06-27 16:06:08.000000000,1,5,505,8.802893236673807,25.3,20.87642664823828,23.89112533336038,32.827803458769665,8,0.9087921192399714,0.1271409749670619,3,0.3407970447149893,0.2757942190797371,0,2.0,3.0,8,0,2
VM2_1608356284,2023-06-15 07:20:13.000000000,2,5,449,8.248948782289744,22.85,21.660259384568256,23.351480366569643,29.44502730002119,5,0.6061378403433485,0.0758570386579139,11,1.3335032487553666,0.3866342259554595,1,5.36,3.0,0,0,2
VM2_1610879282,2023-04-11 07:51:42.000000000,1,0,339,4.006879620705507,17.533333333333335,13.711755356026451,17.439432400577118,25.387591855902595,10,2.495707619546419,0.2461977186311787,12,2.994849143455703,0.5591454954624677,3,11.792,3.0,0,0,1
VM2_1611467646,2023-06-04 09:57:43.000000000,1,1,3474,22.812280394961004,176.38333333333333,7.7600122292223,12.477399839713703,20.274295740049595,52,2.2794739982016994,0.4082018331286025,2,0.0876720768539115,0.1447861972851314,0,4.288,3.0,0,0,1
VM2_1611806314,2023-06-28 05:46:26.000000000,1,0,866,11.142262419512369,43.46666666666667,15.38042358521646,18.593754023115483,23.668119188714925,17,1.5257224574274555,0.1767638036809816,7,0.6282386589407171,0.2377658599235858,0,2.1,3.0,0,0,2
VM2_1615312329,2023-06-19 19:46:15.000000000,1,0,560,6.852773073986555,28.23333333333333,14.56315411236812,15.914396989754268,22.62888453213073,9,1.313336937153868,0.0920897284533648,15,2.188894895256447,0.4319247959988355,3,7.587788,3.0,1,0,1
VM2_1622452790,2023-03-29 17:20:28.000000000,1,0,181,3.1456970439403094,9.233333333333333,20.441352632103094,20.254447445862997,35.84758008712294,0,0.0,0.0054151624548736,3,0.9536837012893624,0.7529845625723114,3,10.72,3.0,0,0,0
VM2_1624479134,2023-03-23 06:59:02.000000000,1,0,279,3.944979081388824,14.216666666666669,16.64938416529867,18.594775817681636,28.167186932089944,4,1.013947074870624,0.1125439624853458,7,1.7744073810235923,0.5913010432332112,3,9.648001,3.0,0,0,0
VM2_1625173345,2023-05-30 12:10:56.000000000,1,0,473,5.872412552336293,21.58333333333333,16.324853427344134,19.537931938995293,29.877356739120696,13,2.2137409257508742,0.1706563706563706,8,1.3623021081543842,0.457218525535818,1,3.2,3.0,1,0,2
VM2_1632293393,2023-03-06 20:55:58.000000000,1,0,251,3.730026749337064,12.75,17.553067055703828,17.74774815618194,24.29953528483965,0,0.0,0.0117647058823529,10,2.680945921306676,0.4099006959435365,0,11.792,3.0,0,0,0
VM2_163383663,2023-06-20 17:44:01.000000000,1,0,253,2.583556850591255,12.7,12.205780396494118,13.7633718762457,22.387235842167065,5,1.935316421953608,0.1233595800524934,6,2.32237970634433,0.3353815285247398,0,5.148615,3.0,3,1,1
VM2_1635222255,2023-06-08 11:00:24.000000000,1,4,805,3.7991190213247648,39.650316667556766,5.74893621129639,9.037069436898555,15.03727939282676,27,7.106910799173914,0.403535659039232,12,3.1586270218550725,0.1603511240165666,0,3.0,3.0,0,0,1
VM2_1638910108,2023-05-28 16:24:39.000000000,1,0,171,1.7714494475198854,8.55,12.431224193122002,17.893724538168904,27.55363440140842,10,5.645094763500297,0.3177387914230019,13,7.338623192550386,0.563743091908379,0,3.8,3.0,0,0,1
VM2_1644755347,2023-06-17 23:20:03.000000000,1,5,95,1.1530980039055518,4.716666666666667,14.668384501978752,15.228312190022384,23.99884165354763,1,0.8672289749986491,0.0424028268551236,7,6.070602824990544,0.5237729377421615,2,11.792,3.0,0,0,0
VM2_1646047896,2023-06-19 16:16:42.000000000,1,5,873,8.807249405320386,43.95,12.023548676205309,16.746770343886435,22.264825476812728,17,1.9302280675429089,0.2885855138414865,10,1.1354282750252405,0.2089248336642077,0,3.7900925,3.0,0,0,1
VM2_1652326752,2023-04-27 22:16:30.000000000,1,0,309,4.647544779395338,15.766666666666667,17.68621691947486,17.801802058875417,26.059049795681084,1,0.2151673727671115,0.0126849894291754,11,2.366841100438227,0.6021865714023568,4,10.72,3.0,0,0,0
VM2_1654157261,2023-06-02 16:10:55.000000000,8,0,126,2.1052882657866827,6.283333333333333,20.10354842661023,22.152591624295773,28.45428152074769,1,0.4749943350994407,0.0954907161803713,4,1.899977340397763,0.346582376196422,0,10.72,3.0,0,0,2
VM2_1654451041,2023-05-05 06:18:01.000000000,0,0,455,6.470400808748089,23.166666666666668,16.75787259819649,19.77497334482433,27.2677541778259,10,1.5454993122651437,0.1597122302158273,7,1.0818495185856003,0.3171088285568284,0,4.0,3.0,0,0,2
VM2_1688862503,2023-05-31 10:22:59.000000000,0,0,197,3.180665443540559,9.966666666666669,19.14781872365554,19.687423149173785,26.58698699950413,1,0.3143996178632511,0.0250836120401337,5,1.571998089316256,0.2520555839692915,0,4.0,3.0,0,0,2
VM2_1689353706,2023-05-17 08:11:38.000000000,1,5,1004,16.435080206607186,50.63333333333333,19.475407749764933,23.45926451907559,29.665073741976244,18,1.0952182632344982,0.1757735352205398,7,0.4259182134800826,0.2689087869741049,0,3.216,3.0,0,0,2
VM2_1689708157,2023-05-22 08:41:03.000000000,1,5,890,16.47600679109763,44.91666666666666,22.00876602892448,26.834259414970944,35.1159289876104,20,1.2138863654029606,0.1873840445269016,6,0.3641659096208882,0.3140035626197071,0,3.216,3.0,0,0,2
VM2_1698732800,2023-06-07 17:28:27.000000000,1,5,970,16.63990357477707,48.96666666666667,20.38926237889634,23.966017417152734,29.793570262831143,19,1.1418335397568282,0.1545268890401633,6,0.3605790125547878,0.2798207711095457,0,3.216,3.0,0,0,2
VM2_1709718384,2023-06-12 09:26:29.000000000,0,0,250,4.083541606722458,12.7,19.292322551444684,20.68276783547943,25.588267909560805,3,0.7346564058662468,0.0721784776902887,5,1.2244273431104111,0.2861955149656549,0,4.0,3.0,0,0,2
VM2_1713773279,2023-01-07 12:32:27.000000000,1,0,638,9.646474150477315,32.483333333333334,17.81801279718745,19.67209111489214,27.894760494971624,11,1.1403130126519554,0.1082606464853771,23,2.384290844635907,0.5800622731392493,8,11.792,3.0,0,0,0
VM2_1719757629,2023-06-12 10:55:10.000000000,1,0,309,3.2286886073846186,15.516666666666667,12.484725012443208,23.3893223343026,29.89684726352988,4,1.238893088311845,0.5327604726100966,10,3.0972327207796124,3.750354442844801,1,4.9,3.0,2,0,0
VM2_1721542789,2023-06-22 06:45:13.000000000,0,0,251,2.6837547045935946,12.8,12.580100177782477,19.550386276336354,26.516048676963408,8,2.980898360907188,0.3841145833333333,8,2.980898360907188,0.281765867386862,0,4.0,3.0,0,0,1
VM2_1722975102,2023-03-16 17:06:06.000000000,1,0,83,1.3140116135466742,4.116666666666666,19.1515862703159,20.48690169699615,30.142974484329045,1,0.7610282814022326,0.0728744939271255,2,1.522056562804465,0.7175947884898202,1,5.36,3.0,0,0,0
VM2_1726916996,2023-06-13 06:47:18.000000000,1,4,591,5.240676109200458,33.916666666666664,9.270974935194914,15.258141519974386,22.759630707442103,16,3.0530411852605472,0.4137592137592137,24,4.579561777890821,0.2122949738999572,0,2.5,3.0,0,0,1
VM2_1732422949,2023-06-27 06:07:31.000000000,1,0,106,1.2303535688003704,5.3,13.928530967551364,13.943746625865318,18.22116880843678,0,0.0,0.0,5,4.063872472751992,0.2066323495531267,0,3.0,3.0,0,0,1
VM2_1733092436,2023-05-04 11:47:26.000000000,0,0,462,6.959886906198963,23.516666666666666,17.75733016464654,21.69932519096075,28.753717948750843,11,1.5804854515958628,0.1892274982282069,2,0.2873609911992478,0.2735490734552604,0,2.5,3.0,1,1,2
VM2_1739819947,2023-06-28 15:27:08.000000000,1,0,254,2.3290199799400053,12.7,11.00324399971656,12.968304895672311,17.190979424176366,8,3.4349211552088432,0.1587926509186351,2,0.8587302888022108,0.2762002230145918,0,2.0,3.0,0,0,1
VM2_1744344742,2023-06-14 06:42:51.000000000,1,0,121,1.100483005126233,4.966666666666667,13.294425565283357,16.156012182591095,25.135468766598464,5,4.543459532504516,0.1879194630872483,4,3.634767626003612,0.2699348568820751,0,3.5,3.0,0,0,1
VM2_1744910159,2023-06-10 06:38:14.000000000,0,0,395,7.354850305359794,19.78333333333333,22.306201431588256,22.808108303518537,29.10157077330981,3,0.4078940937538554,0.0227464195450716,3,0.4078940937538554,0.2999514966227313,0,3.7900925,3.0,0,0,2
VM2_1745393006,2023-06-08 18:45:40.000000000,0,0,435,7.502948274636378,21.8,20.65031635221021,22.42322760342181,29.945985812301977,7,0.932966581105645,0.0825688073394495,3,0.3998428204738478,0.3445165978456632,0,9.935046,3.0,0,0,2
VM2_1755216927,2023-06-05 15:02:11.000000000,1,5,200,1.948572720407696,10.05,11.63326997258326,14.717063979616608,20.835015074508117,6,3.079176844241477,0.2255389718076285,5,2.5659807035345645,0.2777507537131303,0,4.7509955,3.0,0,0,1
VM2_175592203,2023-05-16 09:44:09.000000000,0,0,226,3.5809702005962807,11.45,18.76490934810278,22.308837624522845,32.429893176238046,4,1.1170157180682334,0.1630276564774381,6,1.67552357710235,0.3826546519168309,1,4.5,3.0,1,1,2
VM2_1756909947,2023-06-13 15:47:05.000000000,1,1,632,7.470867639367659,31.85,14.073847986249907,20.544657658372653,31.173568776496086,16,2.141652184505072,0.325484039769754,9,1.2046793537841032,0.3578021517752462,0,5.36,3.0,0,0,2
VM2_1757569996,2023-06-11 09:36:31.763999939,1,5,391,4.711687597887787,19.603933334350582,14.420639524309632,16.410535290302626,23.270754806426933,8,1.6979054391437876,0.1275254285638396,7,1.485667259250814,0.2238529983075237,0,3.216,3.0,0,0,1
VM2_1761264357,2023-06-13 15:32:10.000000000,1,4,442,5.311877186207814,22.33333333333333,14.270714828618008,16.01314645909319,21.686666125220256,9,1.6943162811384882,0.1134328358208955,4,0.7530294582837725,0.2508170355820004,0,1.7,3.0,0,0,1
VM2_1764215576,2023-06-12 11:31:32.000000000,1,0,216,2.722483918045683,11.416666666666666,14.307944678780231,15.93091745625128,23.92862901048747,4,1.4692465117925742,0.1065693430656934,3,1.1019348838444305,0.644895611678529,1,10.7160675,3.0,6,2,0
VM2_1769635683,2023-06-02 06:36:27.177999973,3,2,156,1.2221521030515523,7.780366667111715,9.424893365638116,16.694293140722355,25.915628132484017,8,6.545830081235435,0.4498502641006373,6,4.909372560926576,0.3800838675349309,0,2.2,3.0,0,0,1
VM2_1770021204,2023-04-12 20:42:52.000000000,1,0,292,3.633671195503931,14.666666666666666,14.865018527061537,16.02773600421525,21.063873021964376,2,0.5504075334264339,0.075,5,1.3760188335660848,0.3603262986213576,2,10.72,3.0,0,0,1
VM2_1770983624,2023-06-03 11:34:34.000000000,1,0,115,1.576401629198016,6.1,15.505589795390325,16.851670176355476,26.71961212335408,2,1.2687122132812605,0.0928961748633879,6,3.8061366398437815,0.7069159543211864,4,11.792,3.0,0,0,0
VM2_1776215583,2023-06-23 21:44:25.000000000,1,4,479,5.934449387790711,24.166666666666668,14.733805376583838,15.613150029882538,21.33572182222013,8,1.348061037719669,0.0620689655172413,7,1.1795534080047103,0.2582681322212039,0,1.7,3.0,0,0,1
VM2_1786052218,2023-06-13 06:05:26.000000000,1,5,508,6.276475130150242,25.566666666666663,14.729667841291311,18.148984339868655,24.551127960977603,13,2.0712262425054515,0.1975228161668839,15,2.3898764336601364,0.2921406806990691,0,4.9575073,3.0,0,0,1
VM2_1789655046,2023-06-22 06:26:58.000000000,1,4,107,1.080577734691665,5.85,11.082848560940151,14.339230409758915,21.678300640550955,2,1.8508617527370077,0.245014245014245,1,0.9254308763685036,0.268945128158901,0,1.7,3.0,0,0,1
VM2_1790018936,2023-04-30 08:51:01.000000000,1,0,317,4.648015027268004,16.183333333333334,17.232599483176944,18.05273775175911,29.15504560059505,3,0.6454368117142967,0.0659114315139031,14,3.0120384546667176,0.648090983521662,3,12.864,3.0,0,0,0
VM2_1790531030,2023-02-15 19:21:02.000000000,1,0,95,1.0773699637118523,4.75,13.608883752149714,14.681497844185518,21.10521990551677,1,0.9281862625487624,0.0771929824561403,5,4.640931312743812,0.2541101800747921,0,7.504,3.0,0,0,1
VM2_1791854672,2023-06-12 13:28:38.000000000,1,0,910,6.807342280042503,44.75,9.12716283357654,16.466653268912545,28.2156779205625,43,6.316708963800116,0.4629422718808194,48,7.051210006102455,0.5591418581733674,2,4.1,3.0,1,1,1
VM2_1793191481,2023-06-05 05:47:39.000000000,0,0,427,7.443211646932603,21.4,20.8688177016802,23.156733782416456,29.74059800626069,6,0.8061036397470492,0.1012461059190031,4,0.5374024264980328,0.3147656526308304,0,6.559579,3.0,0,0,2
VM2_1798402817,2023-06-05 17:38:28.000000000,1,5,1237,19.512536186306694,62.53333333333333,18.722049645710047,21.461415461755,30.2647160617486,27,1.3837258130979293,0.1313965884861407,33,1.6912204382308027,0.4150857379805662,1,2.1,3.0,1,0,2
VM2_1799499087,2023-05-10 15:21:19.000000000,1,0,59,0.8714109118672355,3.083333333333333,16.95718531201107,18.23200584616008,26.177695381318685,1,1.147564239076634,0.0702702702702702,1,1.147564239076634,0.5783494671414452,1,7.504,3.0,0,0,0
VM2_1805134018,2023-06-05 16:50:13.000000000,1,0,466,6.487741234140399,23.516666666666666,16.552706196247655,17.85096532129154,27.119464239001623,7,1.0789579527561834,0.0843373493975903,3,0.4624105511812215,0.5126889181859249,2,4.898051499999999,3.0,4,0,2
VM2_1808422794,2023-06-21 07:23:24.000000000,1,0,243,3.838991923606699,12.333333333333334,18.67617692565421,20.52909889030647,35.82541495820108,4,1.0419401966967503,0.1094594594594594,4,1.0419401966967503,0.8440638458154706,7,10.72,3.0,0,0,0
VM2_1817396760,2023-06-20 07:18:06.000000000,3,0,533,6.524473743580042,26.73333333333333,14.643457279855456,18.90874705456105,25.001175135924385,14,2.14576693082346,0.2281795511221945,2,0.30653813297478,0.2964906262087176,0,2.0,3.0,0,0,2
VM2_1819999667,2023-05-03 14:43:35.000000000,1,0,81,1.1039382182386808,4.083333333333333,16.22113300269082,20.19487565205732,36.55231372283347,2,1.811695588536625,0.2081632653061224,3,2.7175433828049376,0.7456456423552666,1,7.504,3.0,0,0,0
VM2_1820654363,2023-06-07 06:36:00.000000000,1,2,285,3.2550748400740663,14.316666666666666,13.641757187737648,14.571286054626585,19.125442934942537,3,0.921637795563477,0.0721769499417927,9,2.764913386690431,0.2692817747389249,0,2.9,3.0,0,0,1
VM2_1821558395,2023-06-19 05:48:36.000000000,1,5,732,9.384581408024404,37.016666666666666,15.211388144479,17.251631689247887,22.69577788219896,13,1.385250916879914,0.1256190904997748,33,3.5164061736182437,0.3018214986942092,0,5.3861058,3.0,0,0,1
VM2_1823358991,2023-06-01 08:05:21.000000000,1,4,130,1.0652336905119255,6.566666666666666,9.733099710261248,12.517478280843948,19.673275284898985,5,4.693805729705302,0.2436548223350254,2,1.8775222918821208,0.2552744046797308,0,1.7,3.0,0,0,1
VM2_182407499,2023-06-06 05:41:52.000000000,0,0,414,7.483895111308531,20.766666666666666,21.622810915498164,23.406816145317485,29.288796781099755,4,0.5344810343421041,0.0778491171749598,2,0.267240517171052,0.2835895893896115,0,3.96441565,3.0,0,0,2
VM2_1825253670,2023-05-12 13:56:14.000000000,0,0,752,10.383987798320485,38.41666666666666,16.21794189759381,18.312266910614493,25.319497934477376,18,1.73343809233976,0.1210412147505423,15,1.4445317436164664,0.2503195864132128,0,3.5,3.0,0,0,2
VM2_1827228677,2023-06-06 09:23:08.000000000,1,4,129,1.100368390440004,5.316666666666666,12.417950487724184,15.269002562431115,19.401478528621784,4,3.635146224439,0.2100313479623824,1,0.90878655610975,0.2799593184635924,0,2.2,3.0,0,0,1
VM2_1831723409,2023-06-01 15:13:32.000000000,1,0,260,3.5362250637393053,13.183333333333334,16.09407108655057,17.426695427161622,26.933460369957302,7,1.979512014599546,0.1099873577749683,3,0.8483622919712339,0.5736609951022298,2,9.958364,3.0,3,0,0
VM2_1835177925,2023-02-09 07:19:40.000000000,1,0,249,3.998777798157356,13.183333333333334,18.19924155924966,20.47296104571267,30.0495995488744,5,1.25038205481285,0.1226295828065739,10,2.5007641096257003,0.7721620425088027,6,11.792,3.0,0,0,0
VM2_1837299177,2023-06-10 17:54:44.000000000,1,1,439,5.021394450175805,22.133333333333333,13.612213870958508,18.62689951337152,31.46122057697364,12,2.3897744180562963,0.2884036144578313,14,2.788070154399012,0.5327958626417283,1,7.504,3.0,0,0,0
VM2_1837906637,2023-06-09 06:33:15.000000000,1,0,279,3.4720139635707654,14.016666666666667,14.862366550362372,15.619785955415663,20.016755415399857,2,0.5760345496834107,0.0535077288941736,11,3.168190023258759,0.2314357549553121,0,3.0,3.0,0,0,1
VM2_1841047091,2023-06-14 10:50:22.000000000,1,4,204,2.3231908494616045,10.25,13.59916594806793,14.014793444241205,21.53346503392331,2,0.860884933523002,0.0341463414634146,9,3.873982200853509,0.3832431630057836,0,1.9,3.0,0,0,1
VM2_1841818812,2023-06-12 19:35:54.000000000,1,0,455,7.112920669862855,23.15,18.4352155590398,18.9589731049603,25.890826990252847,3,0.4217676731178619,0.033117350611951,10,1.4058922437262065,0.4406822999412301,1,11.792,3.0,2,0,0
VM2_1844678555,2023-04-13 08:39:59.969000101,1,0,290,4.891118971613667,14.767183331648509,19.87292577778673,20.84599415645242,32.333606548923136,3,0.6133565790182051,0.0541741767562042,15,3.066782895091025,0.6933044779170774,6,12.864,3.0,0,0,0
VM2_185584628,2023-06-07 18:15:37.000000000,1,1,502,7.889692533417413,25.28333333333333,18.7230673172727,22.1782104790258,30.99178731728239,11,1.3942241669632416,0.1641397495056031,5,0.6337382577105644,0.4091201692423469,0,9.1120005,3.0,0,0,2
VM2_1858246068,2023-06-13 09:38:22.000000000,1,0,5342,9.737606561613472,268.8666666666667,2.173033946306007,13.93856670871545,26.540678714542874,144,14.788028155466977,0.8585420282667989,102,10.474853276789108,0.644284611137374,10,6.1,3.0,0,0,1
VM2_1860550286,2023-01-24 18:01:12.000000000,1,0,563,8.79227032679741,28.9,18.253848429337182,18.97559769690988,29.347136306491784,6,0.6824175982980158,0.052479815455594,15,1.7060439957450395,0.6646710410410631,9,8.576,3.0,0,0,0
VM2_1872912945,2023-06-10 14:25:53.000000000,1,4,179,2.0051637588054354,9.0,13.367758392036237,15.19518968121822,19.079825410132543,3,1.4961371542976782,0.1296296296296296,4,1.9948495390635708,0.1791918027124631,0,1.7,3.0,0,0,1
VM2_1874676855,2023-06-11 17:59:05.000000000,1,0,320,5.401142025450989,16.4,19.76027570286947,19.75215255112697,30.46706796483423,0,0.0,0.0060975609756097,4,0.7405841174239451,0.6233876086231969,3,10.72,3.0,1,0,0
VM2_1876454091,2023-01-10 07:33:52.000000000,1,0,254,3.9376234517869495,13.75,17.18235688052487,18.936580099282494,30.78486449117061,6,1.5237617495591445,0.1187878787878787,11,2.7935632075250982,0.7445634324470305,5,10.72,3.0,0,0,0
VM2_1883972519,2023-05-14 13:41:59.000000000,1,5,821,10.164759722630162,41.516666666666666,14.6901384991845,18.97344039977208,32.42340569759983,30,2.9513732560947745,0.2460859092733842,19,1.8692030621933573,0.5915363502017509,5,2.8,3.0,0,0,0
VM2_1885435739,2023-06-08 14:47:58.000000000,0,0,419,4.810799217181544,22.55,12.80035268429679,17.484368407537715,26.423489738799187,15,3.117985042158526,0.3008130081300813,14,2.9101193726812906,0.2851015806621458,0,4.0,3.0,0,0,1
VM2_1893646185,2023-06-12 14:48:48.000000000,1,0,189,2.9907441833270187,9.883333333333333,18.156288465391683,19.548780296907083,41.39455569152007,4,1.3374597607844367,0.0994940978077571,5,1.6718247009805458,0.832181507057713,3,8.576,3.0,0,0,0
VM2_1900399165,2023-01-27 07:38:58.000000000,8,0,258,3.4567750416009293,13.083333333333334,15.852726305431014,19.85028256270414,26.314087425574662,6,1.7357218586087777,0.2152866242038216,5,1.4464348821739814,0.3398066514681153,0,9.648001,3.0,0,0,2
VM2_1900671658,2023-06-14 05:53:51.000000000,0,0,440,7.40426790391201,22.05,20.147667765746966,22.68076955423884,29.06265379548169,7,0.9454006919849,0.1148904006046863,5,0.6752862085606429,0.3011428448078279,0,3.8676561,3.0,0,0,2
VM2_1905021445,2023-06-01 11:40:06.000000000,1,2,76,1.1079056878236704,3.783333333333333,17.570310467688167,17.566195957891743,22.258638784094884,0,0.0,0.0,3,2.7078117144547664,0.2050031303352694,0,2.25,3.0,0,0,0
VM2_1906535194,2023-05-31 15:19:21.000000000,1,0,46,0.774641498630112,2.2666666666666666,20.505216140208848,20.46980460490136,27.655349970500424,0,0.0,0.0,0,0.0,0.6409922509708407,1,7.504,3.0,0,0,2
VM2_1907395746,2023-06-01 14:45:44.000000000,1,0,249,2.3151111166185747,12.466666666666669,11.142246015811322,13.66107425682502,21.34778395294547,5,2.1597235502471017,0.196524064171123,5,2.1597235502471017,0.2049518085407945,0,2.5,3.0,0,0,1
VM2_1912014167,2023-05-31 07:27:35.000000000,2,5,438,7.198441515278532,22.23333333333333,19.426079051726173,22.9455924532855,28.58002403779309,11,1.528108546364202,0.1604197901049475,9,1.250270628843438,0.3902186365685971,0,6.432,3.0,0,0,2
VM2_1917709952,2023-03-27 13:03:05.000000000,1,0,219,2.164521052123629,11.05,11.75305548664414,16.194832351901923,22.30185874708088,9,4.157963717271323,0.3046757164404223,14,6.467943560199836,0.4235726017539429,0,11.792,3.0,0,0,1
VM2_1921571629,2023-05-09 07:00:32.000000000,1,0,185,2.7590686485212927,9.766666666666667,16.949909786137635,19.270563041637804,27.63462872682412,3,1.0873234348872882,0.1382252559726962,8,2.8995291596994357,0.5430007965564219,1,11.792,3.0,0,0,0
VM2_192177515,2023-01-19 08:10:36.000000000,1,0,254,4.114419263061966,13.466666666666669,18.33157097403846,19.255612556465028,34.93467018166534,6,1.458285997702329,0.1051980198019802,19,4.617905659390709,0.7438206563692926,6,12.864,3.0,0,0,0
VM2_1928788665,2023-04-05 06:52:29.000000000,1,0,247,3.906003762922696,12.55,18.674121575726037,20.161243825780065,28.134644496448743,3,0.7680484152312307,0.0770252324037184,7,1.7921129688728716,0.5724588520574652,1,12.864,3.0,0,0,0
VM2_1935680941,2023-06-02 14:19:27.000000000,8,0,246,3.410711917640746,12.766666666666667,16.02945548760664,20.11499219511081,28.844252985262965,7,2.052357445902975,0.1997389033942558,7,2.052357445902975,0.4112448014455648,0,10.72,3.0,0,0,2
VM2_1937878116,2023-06-08 08:35:41.000000000,1,4,94,0.9915689236856398,4.7,12.658326685348593,14.14109615112167,20.53922182343651,3,3.0255082912936264,0.1170212765957446,6,6.051016582587253,0.2645351710192283,0,1.7,3.0,0,0,1
VM2_1938409533,2023-06-20 05:44:51.000000000,0,0,440,7.39705412062723,22.05,20.12803842347546,22.246872421449247,27.231623548186192,6,0.8111337164978364,0.0975056689342403,3,0.4055668582489182,0.2883600072611949,0,9.935046,3.0,0,0,2
VM2_1943515350,2023-06-05 06:05:31.000000000,1,2,112,1.2380973594658882,5.583333333333333,13.304926847991632,13.310100873780602,17.286123867610964,0,0.0,0.0,7,5.6538364664793255,0.1797167553213722,0,2.5,3.0,0,0,1
VM2_1946035261,2023-06-12 16:28:15.000000000,1,4,939,10.081080078312024,47.41666666666666,12.756375494524882,15.828103031616914,22.2272973154248,27,2.6782844487156257,0.1992970123022847,7,0.6943700422596066,0.2844966667122949,0,1.5,3.0,0,0,1
VM2_1948406039,2023-03-08 16:04:15.000000000,1,0,232,4.100641610799403,12.65,19.44968352948333,19.86394541590844,32.625933558614285,3,0.7315928297901564,0.0355731225296442,9,2.194778489370469,0.716300872550797,3,12.864,3.0,0,0,0
VM2_1950539444,2023-06-12 08:31:25.000000000,0,0,323,4.619521736689345,16.416666666666668,16.883531220387454,22.06287401862769,31.48434314490751,10,2.164726257391022,0.2456852791878172,1,0.2164726257391022,0.2981688638355163,0,3.0,3.0,0,0,2
VM2_1955501421,2023-06-09 18:31:51.000000000,1,0,579,3.53566414403947,23.23333333333333,9.13083997025975,15.651897020391296,24.041870797119724,20,5.656645876197435,0.4239598278335724,23,6.50514275762705,0.4718410896646549,0,3.5,3.0,1,0,1
VM2_1961909481,2023-03-17 15:43:19.000000000,1,0,293,4.104519869222708,14.8,16.639945415767734,19.164640967658844,28.324002640283386,7,1.705436987280469,0.1463963963963964,12,2.923606263909376,0.727782543091421,4,8.576,3.0,0,0,0
VM2_196675075,2023-06-26 06:02:02.000000000,1,0,144,1.298484628301208,7.216666666666667,10.795715154467318,10.862905349914133,13.191040619357032,0,0.0,0.0069284064665127,3,2.3103854559486505,0.1597219411374074,0,2.1,3.0,0,0,1
VM2_1971959120,2023-06-12 14:33:06.000000000,2,5,424,7.2920072313923265,21.53333333333333,20.318286403260355,23.61064620939604,30.25253019391813,8,1.0970916163604092,0.1470588235294117,4,0.5485458081802046,0.4263817835446575,0,5.36,3.0,0,0,2
VM2_1972507855,2023-06-06 15:56:50.000000000,1,4,155,0.7800766094689136,7.766666666666667,6.026342905768432,11.397029648157798,15.020922776878692,6,7.691552249060357,0.4849785407725321,4,5.127701499373572,0.2677525541773415,0,1.7,3.0,0,0,1
VM2_1985739386,2023-01-30 16:10:40.000000000,1,0,175,2.335251471676804,8.833333333333334,15.862085467993383,17.96904944077634,25.4828258409723,3,1.2846582204895818,0.1245283018867924,9,3.8539746614687456,0.3907494971504015,0,10.72,3.0,0,0,0
VM2_1989050225,2023-06-07 16:15:54.000000000,1,5,298,3.606486887933384,14.966666666666669,14.458076610868796,15.703968035902385,22.6754828038657,3,0.8318344397805596,0.0846325167037861,8,2.218225172748159,0.3472874418444143,0,5.1353445,3.0,0,0,1
VM2_1990415067,2023-05-30 09:12:39.000000000,2,5,458,8.357140732506661,23.25,21.566814793565577,23.180240666017824,30.19266409248098,4,0.4786326003152313,0.0724014336917562,17,2.034188551339733,0.4671207661424983,0,6.432,3.0,1,0,2
VM2_1991508891,2023-06-13 06:05:34.000000000,1,0,117,1.2363830982891186,5.866666666666666,12.64482714159326,12.666890392575985,17.525577622983185,0,0.0,0.0,4,3.235243190832289,0.2005133904584281,0,2.8,3.0,0,0,1
VM2_1992404630,2023-06-06 07:24:51.000000000,0,0,344,3.814349860207507,17.416666666666668,13.14034401602586,15.037100682537988,20.963104340517337,7,1.835175129850094,0.1397129186602871,11,2.8838466326215766,0.2300862808711111,0,4.5,3.0,0,0,1
VM2_1998281012,2023-05-25 10:19:40.000000000,0,0,1387,6.882342893201296,75.76666666666667,5.450161552029183,18.790452857840307,26.317252620134035,27,3.92308265062932,0.7030356357237132,21,3.0512865060450265,0.2047363770527811,0,4.0,3.0,0,0,1
VM2_2001767323,2023-05-30 13:18:04.000000000,1,0,544,2.186374761487471,26.3,4.9879272125189456,11.901479584955206,20.13294187115567,36,16.465612681838625,0.6318124207858048,33,15.093478291685404,0.4483455256074242,1,3.0,3.0,1,0,1
VM2_2007298046,2023-04-03 14:34:49.000000000,1,0,165,2.5155048054504987,8.566666666666666,17.618321594594935,19.002087836254887,27.981738899337184,2,0.7950690436633145,0.0933852140077821,12,4.770414261979887,0.653203599744739,3,12.864,3.0,0,0,0
VM2_2009730415,2023-06-07 07:32:01.000000000,1,1,503,7.705692998623628,25.4,18.202424406197547,23.221145221803773,32.111562665153706,14,1.816838537753924,0.2250656167979002,6,0.7786450876088244,0.4340204058287247,0,4.288,3.0,0,0,2
VM2_2023639375,2023-06-12 07:43:32.000000000,1,1,476,7.755119855996854,23.95,19.428275213353288,22.420145379000303,33.28151041803282,9,1.160523649810584,0.1426583159359777,8,1.031576577609408,0.4450877713991691,0,5.36,3.0,0,0,2
VM2_202430607,2023-06-12 15:52:30.000000000,1,5,151,1.9190388144039383,7.55,15.25063958466706,17.05050921346205,23.527950568908672,3,1.5632826066271164,0.1147902869757174,1,0.5210942022090388,0.3574358748354015,0,4.288,3.0,0,0,2
VM2_2027753023,2023-05-03 08:34:43.000000000,1,5,1018,16.713975977003145,51.4,19.51047779416709,23.83865195656448,31.276584876941783,24,1.4359240454229285,0.1893644617380026,8,0.4786413484743095,0.2854403658006165,0,3.216,3.0,0,0,2
VM2_2033907656,2023-06-06 15:33:07.000000000,1,1,364,5.647885840877885,18.316666666666663,18.50080894191118,22.71074842431181,32.70836985939532,11,1.9476314341173373,0.1956323930846223,7,1.239401821711033,0.4282263802286363,0,5.36,3.0,0,0,2
VM2_203495554,2023-05-15 08:38:49.000000000,1,5,974,16.480449118365893,49.13333333333333,20.12537884196649,24.26250889150757,32.757645095358455,18,1.0922032446276426,0.1760515603799186,8,0.4854236642789522,0.2820843369365665,0,3.216,3.0,0,0,2
VM2_2043809460,2023-03-13 09:14:09.000000000,1,0,292,4.53720866999843,14.7,18.51921906121808,19.70480030106308,28.498373603853796,3,0.6611994770787208,0.0680272108843537,10,2.203998256929069,0.6984095811175143,5,11.792,3.0,0,0,0
VM2_2050993343,2023-05-30 06:52:36.000000000,2,5,443,8.394469604224433,22.55,22.335617572215785,22.708594023987224,29.26841254240866,2,0.2382520986190145,0.0177383592017738,16,1.906016788952117,0.3519988064199588,1,6.432,3.0,2,0,2
VM2_2076832518,2023-04-05 17:31:29.000000000,1,0,567,8.678298403718799,28.866666666666667,18.038033633595656,19.406076676599223,33.8880336580737,10,1.152299625432888,0.0918013856812933,10,1.152299625432888,0.6829024458848355,8,10.72,3.0,0,0,0
VM2_2078891467,2023-04-29 12:45:01.000000000,1,0,88,1.4543632332084595,4.583333333333333,19.03893687109256,19.03396654453397,40.61181290897736,1,0.6875861388450447,0.0545454545454545,3,2.062758416535134,1.0644782209435648,3,12.864,3.0,0,0,0
VM2_2093985642,2023-05-09 11:17:22.000000000,0,0,231,4.116526565657482,11.733333333333333,21.05041993802121,24.136043453634805,35.53548036280307,4,0.9716929882999866,0.1349431818181818,4,0.9716929882999866,0.3750880416132039,0,5.0,3.0,0,0,2
VM2_2098093661,2023-03-03 08:57:20.000000000,1,0,225,3.8148187568529175,12.416666666666666,18.434023523047657,19.06701020617575,29.25416399661688,2,0.5242713029045514,0.0523489932885906,5,1.3106782572613784,0.688761551239098,6,13.936001,3.0,0,0,0
VM2_2100607744,2023-06-08 06:20:02.000000000,1,4,130,1.6405917911637031,6.483333333333333,15.182854622594684,16.58268542321722,21.45897617859243,2,1.219072294992627,0.0925449871465295,7,4.2667530324741945,0.2300741731674409,0,2.5,3.0,0,0,1
VM2_211033397,2023-06-06 15:37:55.000000000,1,0,128,2.0302588849165466,6.45,18.886129162014388,22.896038996020437,31.431945801120182,3,1.477644069083,0.1808785529715762,5,2.462740115138333,0.4385071267743896,0,8.0,3.0,0,0,2
VM2_211036742,2023-05-31 15:19:34.000000000,3,0,734,10.900538071109311,36.81666666666667,17.7645708718848,19.86302227504701,24.203818384234907,10,0.9173859065273036,0.1086464463558171,8,0.7339087252218428,0.2903401944729985,0,2.0,3.0,0,0,2
VM2_2111072028,2023-06-14 06:06:19.000000000,1,4,752,4.65625177417196,46.03333333333333,6.068974072056139,13.830606878081992,19.852350070137863,21,4.510065395622752,0.5868935553946416,18,3.865770339105216,0.2011884429351185,0,3.0,3.0,0,0,1
VM2_2113149069,2023-06-26 19:35:51.000000000,1,0,297,3.409335326291914,14.883333333333333,13.744240957055869,16.28187144093463,20.674277251537028,5,1.4665615204938307,0.1623740201567749,5,1.4665615204938307,0.2929801825082754,0,4.622597,3.0,7,0,1
VM2_2113852452,2023-01-05 07:45:38.000000000,1,0,280,3.9104859857502254,14.116666666666667,16.620719656081242,18.576836928812547,26.39650797637921,5,1.2786134557750504,0.1133412042502951,4,1.0228907646200402,0.4498419179132762,1,6.432,3.0,0,0,2
VM2_2115201515,2023-06-13 07:45:32.000000000,1,1,533,7.783243496182081,26.883333333333333,17.371157214045564,22.928907982074687,33.3155657762628,15,1.9272171052284253,0.2517048977061376,5,0.6424057017428085,0.4560613031116574,0,7.504,3.0,0,0,2
VM2_2116148295,2023-05-04 16:10:22.000000000,1,0,330,4.609450656581085,17.0,16.268649376168536,18.505896120614786,39.10116775648306,11,2.3864015084519643,0.1647058823529411,15,3.254183875161769,0.8993340326860034,10,8.576,3.0,0,0,0
VM2_211829173,2023-06-13 20:27:29.000000000,1,0,532,8.160127286209242,27.73333333333333,17.654121532664224,18.523114288162144,31.91913939117327,6,0.7352826481199753,0.0733173076923077,8,0.9803768641599672,0.7908466567013328,13,11.792,3.0,0,0,0
VM2_2122891735,2023-05-24 06:14:45.000000000,1,5,1013,9.60399926906743,50.91666666666666,11.31731501428568,24.432380198873748,34.54058853734371,21,2.186589087697749,0.5394435351882161,12,1.249479478684428,0.3751218722744623,2,1.7,3.0,0,0,2
VM2_2129710001,2023-06-02 15:45:22.000000000,1,0,411,4.4768646216356505,20.78333333333333,12.924388643054003,16.763395596489424,24.249184980303347,9,2.010335527347663,0.2493985565356856,10,2.233706141497403,0.4782707412076259,2,6.4659557,3.0,4,1,1
VM2_2130966366,2023-06-05 13:11:31.000000000,1,2,164,1.9008077622659711,8.183333333333334,13.936676057347244,13.937654013180628,18.745750114607173,0,0.0,0.0,4,2.1043685108017245,0.2447440203948046,0,3.0,3.0,0,0,1
VM2_2131316470,2023-02-15 21:52:22.000000000,1,0,271,3.799829751479749,13.683333333333334,16.66186005520962,17.03121991020473,23.420256674552636,3,0.789509055986449,0.0292326431181485,18,4.737054335918694,0.5134589761310143,3,11.792,3.0,0,0,0
VM2_2135868769,2023-05-31 14:42:11.000000000,1,0,55,1.02373218660985,2.933333333333333,20.939976544292385,20.904197450396406,43.77369421574374,0,0.0,0.0,2,1.953635947134884,1.0938349207593665,1,9.648001,3.0,0,0,0
VM2_2145044712,2023-01-02 14:47:03.000000000,1,0,686,9.517716393220146,34.81666666666667,16.402000486162052,17.93812909728016,25.879420508981728,12,1.2608066372463131,0.0938247965533748,19,1.996277175639996,0.5007657825939111,5,10.72,3.0,0,0,0
VM2_230229691,2023-05-12 10:32:07.000000000,1,5,872,13.040985158607848,43.96666666666667,17.796643885893953,20.08743258581163,28.916630164627836,16,1.2269011739070206,0.1141015921152388,6,0.4600879402151326,0.4417419099783936,1,2.1,3.0,0,0,2
VM2_232243322,2023-01-03 16:28:01.000000000,1,0,262,3.730042573371025,13.183333333333334,16.976173532409213,18.480620835181718,24.08049788633429,4,1.0723738191505416,0.0834386852085967,8,2.1447476383010837,0.3252339036687065,0,6.432,3.0,0,0,0
VM2_237439606,2023-06-23 07:36:58.000000000,1,4,125,1.0847241713376374,6.266666666666667,10.385656959615678,14.307967018031713,18.5689521693633,3,2.7656800496116194,0.2819148936170212,1,0.9218933498705398,0.1695084380092967,0,1.5,3.0,0,0,1
VM2_240656963,2023-05-31 12:56:15.000000000,0,0,362,5.476870108537588,18.35,17.908022153256418,21.7498528897666,29.417562408345653,9,1.6432743193909969,0.184377838328792,6,1.0955162129273313,0.2966352833090795,0,3.0,3.0,3,0,2
VM2_248026093,2023-06-02 17:24:22.000000000,0,0,481,7.670051011515348,24.133333333333333,19.06918759769009,22.00638721418009,29.43770310809453,13,1.6949039817965474,0.1395027624309392,5,0.6518861468448259,0.3555608779946813,0,3.7900925,3.0,0,0,2
VM2_253458993,2023-06-27 05:55:00.000000000,1,5,1146,11.159379439245898,57.516666666666666,11.641195590056574,18.31585495258546,25.60884236696607,36,3.2259858351436,0.3682990437554332,14,1.254550047000289,0.302250469861161,0,1.75,3.0,7,0,1
VM2_28515310,2023-06-28 17:58:50.000000000,1,0,136,1.4809751972225358,6.933333333333334,12.816131514425791,14.2665775230931,25.359100922486725,2,1.350461509248,0.1009615384615384,5,3.37615377312,0.5280498302976074,0,11.178203,3.0,1,0,0
VM2_286895498,2023-06-11 16:01:14.000000000,0,0,432,7.383526980604747,21.8,20.3216338915727,22.25356536263446,29.94338856485372,6,0.812619770437755,0.0871559633027523,5,0.6771831420314625,0.3361415076822918,0,3.7900925,3.0,0,0,2
VM2_293930161,2023-06-20 10:41:58.000000000,1,0,231,3.910581410194703,11.833333333333334,19.82830010802948,21.585815186529214,32.71569352866409,3,0.7671493533363455,0.0929577464788732,9,2.301448060009036,0.732498078948378,4,9.648001,3.0,1,1,0
VM2_298702428,2023-01-12 08:12:53.000000000,1,0,237,3.738641237804316,12.0,18.69320618902158,20.395417862182693,29.04850476538521,2,0.5349537098602671,0.0916666666666666,3,0.8024305647904006,0.4708331167422125,2,12.864,3.0,0,0,2
VM2_299043555,2023-03-28 07:50:47.000000000,1,0,273,3.8896899840790784,14.0,16.670099931767478,18.83674435331072,25.739083112446806,5,1.2854494883822465,0.1202380952380952,8,2.0567191814115944,0.6352912019628245,5,11.792,3.0,0,0,0
VM2_302429026,2023-06-22 06:09:24.000000000,0,0,451,7.276465456814013,22.616666666666667,19.3038140342892,21.24552205922187,26.005340688605937,5,0.6871468063272083,0.0928518791451731,2,0.2748587225308833,0.2603573841403621,0,3.7999244,3.0,0,0,2
VM2_303959385,2023-06-27 14:38:29.000000000,1,0,147,1.6999936872328951,7.366666666666666,13.846102429951184,14.16361072151984,19.812945283965384,1,0.5882374784742376,0.0271493212669683,7,4.117662349319663,0.2869097953589248,0,2.8,3.0,0,0,1
VM2_306693272,2023-01-04 19:22:35.000000000,1,0,86,1.0212767074304017,4.3,14.25037266181956,16.518542941732655,22.72254970250915,1,0.9791665595860546,0.1395348837209302,3,2.937499678758164,0.2628580769170579,0,7.504,3.0,0,0,1
VM2_30791157,2023-02-13 06:42:31.000000000,1,0,262,3.867865753170865,13.45,17.25441971674735,19.21948809317249,31.01813802301704,4,1.0341620560953575,0.1313506815365551,9,2.3268646262145545,0.6772353468954594,2,11.792,3.0,0,0,0
VM2_319495274,2023-02-17 10:44:28.000000000,1,0,278,4.164348984346953,14.033333333333331,17.804817510272006,19.41145737156997,26.410018608023016,5,1.2006678640032598,0.0902612826603325,5,1.2006678640032598,0.4901995595143331,0,10.72,3.0,0,0,0
VM2_320184887,2023-06-06 11:10:57.000000000,3,0,809,11.014132582952,40.583333333333336,16.28372784337873,18.472648081663195,24.56018066929633,16,1.4526790811257593,0.1219712525667351,8,0.7263395405628796,0.3509313577067903,0,2.2,3.0,0,0,2
VM2_326422253,2023-06-23 13:12:54.000000000,3,0,1168,13.127245088179674,58.68333333333333,13.421778562183135,16.515631864614768,23.544966871813465,25,1.9044361426992065,0.1900028401022437,16,1.218839131327492,0.3387642483017761,0,2.2,3.0,0,0,1
VM2_330634938,2023-02-12 12:37:17.000000000,1,0,354,4.879365119793843,18.066666666666663,16.204533608171435,18.68052725783476,26.088098738762387,8,1.639557566115898,0.1457564575645756,12,2.4593363491738467,0.4569080897548927,1,11.792,3.0,0,0,0
VM2_335847389,2023-06-08 20:29:07.000000000,1,0,221,3.573248761449204,11.366666666666667,18.861723667473804,19.01594695432353,26.78055552512757,1,0.279857369794324,0.0219941348973607,12,3.358288437531888,0.5357642776699634,3,8.576,3.0,0,0,0
VM2_343543627,2023-06-21 05:46:15.000000000,3,0,848,11.527221882952771,42.55,16.25460195010967,18.73445230869061,23.864604301442007,13,1.1277652266957114,0.1351351351351351,13,1.1277652266957114,0.258835440779391,0,2.3,3.0,0,0,2
VM2_352513580,2023-06-13 17:45:28.000000000,1,0,139,2.114592085677223,7.016666666666667,18.08202258536343,22.96298101728873,29.32225259246743,4,1.8916177862828576,0.2137767220902612,3,1.4187133397121434,0.465878823618854,0,8.0,3.0,1,1,2
VM2_358153364,2023-01-08 01:19:11.000000000,1,0,208,2.9994348738058982,10.433333333333334,17.249146239139353,17.21394106593805,22.89409256637526,0,0.0,0.0,14,4.667545917486715,0.3568358626001975,1,11.792,3.0,0,0,0
VM2_358321446,2023-03-14 17:12:30.000000000,1,0,187,2.6406912354989225,9.333333333333334,16.97587222820736,18.38203310022873,25.744071124734035,2,0.7573774522041489,0.0803571428571428,7,2.650821082714521,0.5108086121572625,1,7.504,3.0,0,0,0
VM2_370214952,2023-06-27 05:38:56.000000000,3,0,968,11.247695737088,48.55,13.90034488620556,18.243737583089008,23.588032043672865,28,2.489398775935339,0.243048403707518,12,1.066885189686574,0.3061875337258114,0,2.1,3.0,0,0,1
VM2_371062229,2023-06-15 05:39:31.000000000,1,4,538,3.7348893047973,27.016666666666666,8.294633866298755,14.454697937817969,22.60441742644917,13,3.480692180970953,0.4392350400987045,11,2.94520107620619,0.1983071166113146,0,3.0,3.0,0,0,1
VM2_373054290,2023-05-01 17:57:33.000000000,1,0,517,7.34639964537205,26.416666666666668,16.685828847532733,17.66816274939924,28.23589393267071,9,1.2250898990595556,0.0706624605678233,11,1.497332098850568,0.594638276499261,6,9.648001,3.0,0,0,0
VM2_380284498,2023-06-03 06:31:19.000000000,0,0,441,7.502197031723463,22.1,20.367955742235647,21.60160500999284,28.26862672676868,5,0.6664714321494382,0.059577677224736,4,0.5331771457195505,0.2916170796628889,0,9.935046,3.0,0,0,2
VM2_380968815,2023-06-20 13:22:40.000000000,3,0,578,7.809767736260845,28.966666666666665,16.17673409121924,18.484480139773503,25.530882780031327,12,1.5365373728445029,0.1311852704257767,6,0.7682686864222514,0.330142216006685,0,2.2,3.0,0,0,2
VM2_381817495,2023-06-15 22:03:07.000000000,1,0,69,1.009167648260546,3.466666666666667,17.46636314297099,17.690069915530277,24.6352811095494,0,0.0,0.0288461538461538,2,1.981831268023013,0.4998013360948967,0,8.174268,3.0,1,0,0
VM2_383671980,2023-05-03 12:30:09.993999958,0,0,268,2.5703875490266825,13.50010000069936,11.423860040563516,6.14023528509213,10.376424205940744,1,0.3890463912255821,0.0234492089651858,2,0.7780927824511643,0.3825644405882897,0,8.5,3.0,0,0,1
VM2_393236714,2023-06-15 13:27:56.000000000,0,0,261,3.647065041116706,13.25,16.515011506943576,19.012278285145968,29.500766963195257,6,1.6451584856196702,0.1484276729559748,14,3.8387031331125634,0.3029353108438922,0,4.0,3.0,0,0,0
VM2_393627672,2023-06-05 05:20:26.000000000,1,4,1018,13.274486059339166,48.8,16.32108941722029,19.021603424201984,24.64932889852241,17,1.2806522168924028,0.1458333333333333,10,0.7533248334661193,0.2082069037825656,0,2.0,3.0,0,0,2
VM2_395838621,2023-06-07 15:48:40.000000000,1,2,81,1.0609206170252488,4.033333333333333,15.782290170623536,16.226693471876153,19.712976318268097,1,0.94257759152983,0.024793388429752,4,3.77031036611932,0.1796326746512701,0,1.8,3.0,0,0,1
VM2_39991439,2023-06-05 18:32:38.000000000,0,0,445,7.497439126954625,22.316666666666663,20.157416622133425,22.57579549596244,29.864390218842896,8,1.067031004124939,0.1120238984316654,4,0.5335155020624694,0.3622969116191796,0,9.935046,3.0,0,0,2
VM2_403649041,2023-06-23 20:19:42.000000000,1,0,393,5.1798291620896615,19.866666666666667,15.643779348592938,17.160204122486,27.351452803924087,9,1.7375090410065173,0.1082214765100671,6,1.1583393606710115,0.5842363142976894,6,10.844757,3.0,9,1,0
VM2_408661315,2023-01-10 17:57:24.000000000,1,0,604,8.8317953476175,30.566666666666663,17.33613045333861,19.308579041413186,30.847575514972903,11,1.2454998748320638,0.1085059978189749,10,1.1322726134836942,0.6985440129006243,6,8.576,3.0,0,0,0
VM2_412687295,2023-01-30 07:10:01.000000000,1,0,298,3.849271109045764,15.083333333333334,15.312017671342266,17.183615916178724,23.846478512529163,6,1.5587366620916971,0.112707182320442,8,2.078315549455596,0.433779590040752,1,10.72,3.0,0,0,0
VM2_412939287,2023-05-03 06:55:17.000000000,1,0,255,3.9089544661229785,13.233333333333333,17.723219241867408,19.16151438365821,28.164840809287345,2,0.5116457654682434,0.0768261964735516,10,2.558228827341217,0.6462558718732977,2,9.648001,3.0,2,0,0
VM2_430168424,2023-06-16 16:02:42.000000000,1,0,240,3.553006328663101,12.1,17.61821319998232,18.954261530590387,27.71895898482712,3,0.8443553775286456,0.0743801652892562,16,4.503228680152777,0.6604439372023492,3,10.72,3.0,0,0,0
VM2_433168745,2023-01-16 18:16:07.000000000,1,0,327,4.706946650965769,17.266666666666666,16.356185273626224,17.25217016890024,27.920490751810288,4,0.8498078046368515,0.0666023166023166,21,4.46149097434347,0.5938036779721652,1,11.792,3.0,0,0,0
VM2_440492341,2023-06-12 06:09:48.000000000,1,0,91,1.0995697208437485,4.533333333333333,14.55312865822608,14.573544664327626,18.25595331296196,0,0.0,0.0,3,2.728339952557049,0.1840228602178925,0,2.7,3.0,0,0,1
VM2_44809214,2023-04-25 13:10:28.000000000,1,5,377,5.607590023884227,19.65,17.122412286669395,21.754908391239432,30.895098533479302,10,1.7832972734110952,0.2205258693808312,9,1.6049675460699857,0.447595000864694,0,13.187806,3.0,0,0,2
VM2_449496571,2023-06-18 03:36:28.000000000,1,0,94,1.413123311682986,5.2,16.305268980957532,15.325669016508249,26.958261020598066,1,0.7076523271058568,0.048076923076923,7,4.953566289740998,0.6713809475535851,2,11.792,3.0,0,0,0
VM2_453148690,2023-05-07 21:51:57.000000000,1,0,416,7.324049813232121,21.78333333333333,20.17335832259804,20.09481193659381,29.180858292140165,1,0.1365364826155787,0.0283091048201989,11,1.5019013087713655,0.6707464780119189,6,8.576,3.0,0,0,0
VM2_453964584,2023-06-14 15:24:38.000000000,1,0,157,1.9397603109949173,8.05,14.457840827291312,15.883611786760683,23.624242075408127,4,2.062110445979983,0.1325051759834368,5,2.577638057474979,0.501776734249373,1,5.910091,3.0,4,2,1
VM2_458482888,2023-06-09 11:24:19.000000000,1,4,142,1.6843470686906357,7.133333333333334,14.1674052506689,15.070459422367431,19.521163154125905,2,1.187403734762779,0.0630841121495327,3,1.781105602144169,0.1979504081806736,0,1.7,3.0,0,0,1
VM2_458489550,2023-03-27 10:51:33.000000000,1,0,256,4.449136420409639,13.45,19.847448715582036,19.746472081345825,32.49925189495566,3,0.6742881576384177,0.037174721189591,5,1.1238135960640294,0.7545296986648476,7,10.72,3.0,0,0,0
VM2_46658978,2023-06-05 10:06:19.000000000,1,0,110,1.4972272839237728,5.5,16.333388551895702,18.098563777464932,24.255988335026395,3,2.0037038011609845,0.103030303030303,3,2.0037038011609845,0.4916545492255216,0,8.2635835,3.0,3,0,0
VM2_486691069,2023-06-12 20:42:54.000000000,1,4,511,6.354336706021517,25.8,14.777527223305851,15.994076084173225,21.75393002030808,6,0.944237027023491,0.0813953488372093,2,0.314745675674497,0.2708853130284274,1,1.7,3.0,0,0,1
VM2_494149092,2023-06-07 06:07:18.000000000,1,2,97,1.151723012514213,4.833333333333333,14.297251189831613,14.32502200783084,17.09725129863996,0,0.0,0.0,3,2.6047929644567884,0.1658393366323879,0,2.4,3.0,0,0,1
VM2_494503621,2023-06-07 07:13:08.000000000,0,0,379,3.8791685562334095,19.166666666666668,12.14348417603502,15.234952952456348,20.398673446927344,7,1.8045103992070024,0.22,10,2.577871998867146,0.2299591856324582,0,4.0,3.0,0,0,1
VM2_495555959,2023-06-28 15:15:08.000000000,1,0,193,2.41518719364928,9.683333333333334,14.965015313489513,15.505231905764893,22.64814359064696,1,0.4140465809977355,0.036144578313253,7,2.8983260669841484,0.2812319415959179,0,2.9,3.0,0,0,1
VM2_500783816,2023-01-09 16:55:38.000000000,1,0,272,3.4921476409250465,13.666666666666666,15.33137988698801,18.630298948742052,27.305410146331663,5,1.431783679877731,0.1878048780487805,4,1.1454269439021847,0.5459877416141695,3,5.36,3.0,0,0,0
VM2_511628327,2023-06-23 16:38:51.000000000,1,0,395,5.106058591788198,20.15,15.204144690188183,17.462751756650913,25.71403534505967,9,1.762611971291168,0.1513647642679901,13,2.5459950696427978,0.5749691778450181,4,11.869163,3.0,3,0,0
VM2_512299393,2023-06-14 06:24:50.000000000,1,0,86,0.9424769123940788,4.283333333333333,13.202011224197213,15.63502233647633,26.053457478518517,3,3.1831018463671468,0.1322957198443579,7,7.427237641523343,0.4522736035698261,0,3.9,3.0,0,0,1
VM2_512891512,2023-04-21 15:05:19.000000000,1,0,58,0.7077508313802324,2.8666666666666667,14.813389494004864,14.80481823170597,21.378013225165827,0,0.0,0.0,1,1.4129266341515034,0.4791236734471138,1,9.1120005,3.0,0,0,0
VM2_519591896,2023-06-01 16:48:26.000000000,8,0,242,2.688438326760257,19.266666666666666,8.372299287488689,21.277296829290435,27.47387018960226,4,1.487852616957838,0.610726643598616,2,0.743926308478919,0.3333980246647089,0,9.648001,3.0,0,0,2
VM2_527732245,2023-06-30 15:16:48.000000000,1,5,279,3.2038717233899314,14.6,13.166596123520266,17.861830941896013,25.66717226380736,6,1.8727341535545496,0.271689497716895,5,1.5606117946287916,0.345167248879025,0,7.1212034,3.0,0,0,1
VM2_54393592,2023-01-16 21:25:29.000000000,1,0,250,3.76050184579934,12.85,17.55876348233155,18.035466883318737,27.17576555717421,3,0.7977658629129895,0.0428015564202334,15,3.9888293145649474,0.5494241647706075,2,9.648001,3.0,0,0,0
VM2_557511768,2023-06-12 15:22:16.000000000,1,0,42,0.743104779077091,2.1166666666666667,21.06438743840573,20.516835601392376,33.48159973917155,0,0.0,0.0,3,4.037115739890531,0.7234509149708364,0,6.432,3.0,0,0,0
VM2_5655687,2023-03-17 21:48:50.000000000,1,0,253,3.3378693653531277,12.7,15.769461568597452,16.284635131121494,24.56736535350757,3,0.898776935712287,0.0367454068241469,6,1.797553871424574,0.5505406950016843,3,9.648001,3.0,0,0,0
VM2_578327033,2023-05-31 19:35:49.000000000,1,0,602,10.79095558193454,30.766666666666666,21.04411706119412,21.073870766532146,29.583309344507477,3,0.2780105966724939,0.0113759479956663,5,0.4633509944541565,0.6420064360080712,5,10.72,3.0,0,0,2
VM2_578763170,2023-06-05 19:20:43.000000000,1,0,234,3.284341092470338,12.083333333333334,16.30845232123202,17.627232749616628,40.023338484959226,5,1.5223753743065762,0.1048275862068965,19,5.785026422364989,0.8622082554598551,5,10.72,3.0,0,0,0
VM2_57885434,2023-06-14 15:24:21.000000000,1,5,660,6.544848771589803,33.13333333333333,11.8518388217924,15.628803079198118,20.37349590374409,15,2.291878777262621,0.2505030181086519,10,1.5279191848417468,0.2649392695585591,0,3.7900925,3.0,0,0,1
VM2_579336741,2023-06-07 16:57:01.000000000,3,0,750,10.76881284684672,37.68333333333333,17.146274324921805,19.585483414478013,25.32112011629181,16,1.4857719441827846,0.1295886775762936,1,0.092860746511424,0.3560093213403527,0,2.3,3.0,0,0,2
VM2_582327253,2023-06-13 06:23:42.000000000,1,0,259,3.8454670644975577,13.283333333333331,17.369738308897375,18.924664481098457,28.878270932491898,4,1.040185738926003,0.1116687578419071,10,2.6004643473150075,0.6678067282784951,4,11.792,3.0,0,0,0
VM2_591586277,2023-06-27 16:31:18.000000000,1,0,777,8.72764397960724,40.15,13.042556382974706,15.643042763791062,23.410803004660693,22,2.5207261033337933,0.1897052718970527,21,2.406147644091348,0.6307657652323786,11,11.379723,3.0,4,2,1
VM2_594022404,2023-06-23 06:03:24.000000000,1,5,537,6.489212073971951,27.23333333333333,14.296917666033671,17.268903193891784,23.05268111306057,10,1.541019138534511,0.1780905752753978,13,2.003324880094864,0.2930179975704238,0,6.147109,3.0,0,0,1
VM2_595087115,2023-06-01 15:35:15.000000000,1,4,86,0.8259527894429937,4.283333333333333,11.569766700368785,13.521786920216568,17.911804172901682,2,2.421445905338925,0.1556420233463035,1,1.2107229526694625,0.2271568157152447,0,1.5,3.0,0,0,1
VM2_599048277,2023-06-13 20:09:57.000000000,1,4,481,6.043783987091202,24.3,14.922923424916547,16.698485017458516,22.454211642969423,8,1.3236740454468658,0.1090534979423868,8,1.3236740454468658,0.2213884045226233,0,1.6,3.0,0,0,1
VM2_600261752,2023-02-16 11:38:55.000000000,1,0,218,3.1733599657420424,11.0,17.309236176774775,20.089971835596213,28.73137628593676,7,2.20586384008382,0.1454545454545454,8,2.52098724581008,0.6654712844792408,3,7.504,3.0,0,0,0
VM2_601215760,2023-06-15 09:18:39.000000000,1,4,94,1.0878726574724218,4.7,13.887736052839426,15.327531325432243,21.459678621315238,2,1.8384504714428869,0.1063829787234042,2,1.8384504714428869,0.3162207921557107,0,1.85,3.0,0,0,1
VM2_622891576,2023-05-30 06:18:28.000000000,1,0,365,4.375156614275449,18.33333333333333,14.31869437399238,17.633073062671354,30.58596285321497,8,1.828505972539876,0.1945454545454545,23,5.256954671052143,0.4746991891188024,1,3.6,3.0,2,2,0
VM2_626028721,2023-06-17 15:17:07.000000000,1,0,227,3.0321884716054743,11.533333333333331,15.774390892745242,16.525714078951967,27.0748418329796,4,1.3191792124590764,0.0736994219653179,8,2.638358424918153,0.7264445779030366,5,10.600961,3.0,1,0,0
VM2_642530651,2023-01-27 17:53:11.000000000,1,0,163,1.727377141992272,8.683333333333334,11.93581134581992,14.039785013989215,20.01047874423274,4,2.315649491220312,0.1228406909788867,14,8.10477321927109,0.2765235745509027,0,10.72,3.0,0,0,1
VM2_644749377,2023-06-16 06:08:23.000000000,0,0,391,7.349834167150415,19.58333333333333,22.518640852545957,22.86029836124996,29.05158651223252,1,0.136057491537623,0.0153191489361702,6,0.8163449492257381,0.2916041824326905,0,3.7900925,3.0,0,0,2
VM2_64674430,2023-06-20 04:35:21.000000000,1,1,638,12.261809478646787,32.1,22.9192700535454,26.046551839787764,33.50631755623019,8,0.6524322543040262,0.122533748701973,8,0.6524322543040262,0.287858602189365,0,4.23721455,3.0,0,0,2
VM2_651448108,2023-06-09 16:10:23.000000000,1,1,511,7.94530315205016,25.766666666666666,18.50135274733543,21.40854584893159,30.281137442318787,12,1.510326260729723,0.1423027166882277,8,1.006884173819815,0.3755909292634937,0,5.36,3.0,0,0,2
VM2_652150774,2023-06-05 07:40:01.000000000,0,0,354,3.63585033394406,17.933333333333334,12.164555020630685,14.393530681791756,21.03700159884408,4,1.1001552959032068,0.1700743494423791,6,1.6502329438548102,0.2351026913693486,0,5.0,3.0,0,0,1
VM2_655955447,2023-03-18 19:01:46.000000000,1,0,297,4.850316442198759,14.9,19.531475606169497,20.2941627684083,33.98246690552685,3,0.6185163454283885,0.0447427293064877,13,2.6802374968563503,0.8142457606607609,8,11.792,3.0,0,0,0
VM2_661020150,2023-05-03 15:20:23.000000000,1,0,59,0.8804480286337241,3.033333333333333,17.4154555114363,17.821938927909816,29.811848194686583,1,1.1357853813947385,0.0329670329670329,1,1.1357853813947385,0.8608028163379078,2,5.36,3.0,0,0,0
VM2_667492113,2023-06-30 05:54:49.000000000,1,5,787,10.904956052973311,39.516666666666666,16.557503918474875,19.31110070455541,25.31533223917745,16,1.467222785885275,0.1459299873471109,7,0.6419099688248079,0.2478259568556138,0,1.6,3.0,0,0,2
VM2_672926937,2023-06-13 09:54:27.000000000,1,4,504,4.554812233883693,25.3,10.80192624636449,13.865847991767216,19.890886504846552,14,3.0736722571904576,0.2364953886693017,11,2.4150282020782163,0.2018671332508063,0,2.5,3.0,0,0,1
VM2_674124278,2023-01-03 08:31:43.000000000,1,0,259,3.901143540569674,13.066666666666666,17.913414216901565,20.831866230232603,26.817411031025703,6,1.538010569876092,0.1466836734693877,7,1.7943456648554408,0.4869783176345723,1,10.72,3.0,0,0,0
VM2_679937173,2023-06-07 06:21:44.000000000,1,0,253,3.730115709700897,13.016666666666667,17.193875230375458,19.44229027748401,35.7530606446621,4,1.0723527931311128,0.1395646606914212,2,0.5361763965655564,0.754943381069346,5,7.504,3.0,0,0,0
VM2_685915106,2023-05-26 09:58:14.000000000,0,0,714,11.532573524554678,36.25,19.088397557883606,21.77724601224295,30.69063636232192,8,0.6936873181832945,0.128735632183908,9,0.7803982329562064,0.3251515160179697,1,3.5,3.0,1,0,2
VM2_692907037,2023-01-25 09:47:09.000000000,1,0,266,3.913336449492859,13.616666666666667,17.243587782343077,19.03281527105162,29.11010182261124,4,1.022145693738746,0.1187270501835985,7,1.7887549640428058,0.6738511319110423,4,11.256,3.0,0,0,0
VM2_700594176,2023-06-07 08:42:03.000000000,1,5,922,16.507196573578746,46.55,21.276730277437697,25.50848433859671,33.5060303598669,15,0.9086945765223908,0.1732903687790905,5,0.3028981921741303,0.2935317075334022,0,3.216,3.0,0,0,2
VM2_707009159,2023-01-23 18:24:29.000000000,1,0,51,0.7022527993608554,2.5166666666666666,16.74245084568927,17.11239170607231,28.22565998427157,0,0.0,0.0198675496688741,3,4.271965882842196,0.6907998814674057,0,11.792,3.0,0,0,0
VM2_709565219,2023-01-27 07:57:38.000000000,1,0,277,3.923047980887525,14.016666666666667,16.793071024013187,18.38102093869709,28.29827919825657,4,1.0196153652688862,0.0903686087990487,8,2.0392307305377724,0.6056335649316356,4,12.864,3.0,0,0,0
VM2_713348286,2023-06-17 19:17:17.000000000,1,0,142,1.5282562340619523,7.1,12.914841414608048,14.33539858509256,19.415575659918403,2,1.3086810676271214,0.107981220657277,10,6.543405338135607,0.4650836057794899,1,5.267587649999999,3.0,1,0,1
VM2_714137986,2023-06-05 10:25:30.000000000,1,0,169,1.658219406437509,8.45,11.77433898062137,13.996964946692923,21.69926544816504,5,3.015282525695388,0.1715976331360946,10,6.030565051390775,0.3919280679324955,0,6.802828,3.0,0,0,1
VM2_719052799,2023-06-09 06:03:13.000000000,0,0,463,7.4143209982304175,23.2,19.17496809887177,21.872546947720632,28.88548730269069,8,1.0789929383836183,0.1271551724137931,1,0.1348741172979523,0.3063325123730904,0,3.8963675,3.0,0,0,2
VM2_720887147,2023-05-22 17:36:08.000000000,1,5,968,16.576675238604793,48.85,20.36029712008777,23.77892762635252,29.701017968264814,15,0.904885918562672,0.1490958717161378,8,0.4826058232334251,0.2453676298547681,0,3.216,3.0,0,0,2
VM2_731001819,2023-06-05 15:53:55.000000000,1,2,272,3.981228445486797,13.633333333333333,17.52129878209348,17.529805556954923,22.26888729639601,0,0.0,0.0,18,4.52121757052278,0.2354400763778723,0,2.3,3.0,0,0,0
VM2_740722771,2023-06-14 16:00:59.000000000,1,0,198,1.1441967480048745,9.95,6.899678882441454,13.115784505982692,19.752943454596625,12,10.487706787249913,0.5025125628140703,13,11.361682352854071,0.4173451879072908,0,2.6,3.0,1,1,1
VM2_747625217,2023-06-12 05:38:49.000000000,3,0,854,11.142684606589269,42.85,15.602358842365373,18.416237327047494,23.799211196159145,18,1.6154096284261363,0.1579152080902372,8,0.7179598348560606,0.2624530718689279,0,1.9,3.0,0,0,2
VM2_753447519,2023-04-12 18:11:26.000000000,1,0,320,4.614109019590518,16.366666666666667,16.91526728159457,17.710538410631177,26.765775985989176,2,0.4334531307146035,0.0468431771894093,21,4.551257872503338,0.5155730704509683,2,12.864,3.0,0,0,0
VM2_753678726,2023-06-08 09:07:51.000000000,1,4,962,6.162054220044223,48.35,7.64680978702489,12.639359763605992,19.059882820181883,26,4.219372156029715,0.4222681833850396,4,0.6491341778507255,0.1686745287524358,0,3.0,3.0,0,0,1
VM2_755177118,2023-06-20 06:47:06.000000000,0,0,208,3.0335414299975,10.55,17.252368322260665,21.79140630403713,30.85588288421811,4,1.318590859002475,0.2180094786729857,3,0.9889431442518564,0.3801045876491458,0,4.5,3.0,2,1,2
VM2_75546023,2023-06-18 11:56:58.000000000,1,4,1876,12.16808736926711,94.33333333333331,7.739419528155759,17.221312917374675,24.862944360492147,39,3.205105191675575,0.5692579505300354,13,1.0683683972251916,0.1602343550879306,0,3.0,3.0,0,0,1
VM2_757130276,2023-05-08 10:58:33.000000000,0,0,332,5.385424027638926,16.85,19.17658407467867,20.373063089040564,27.350003647477344,5,0.9284319998460911,0.0633036597428288,10,1.8568639996921823,0.2712537685664253,0,3.5,3.0,0,0,2
VM2_757979409,2023-06-26 17:48:30.000000000,0,0,427,7.286973727727617,21.416666666666668,20.41486803098788,21.54421491234126,26.939894283111848,4,0.5489247181967496,0.0536964980544747,2,0.2744623590983748,0.2849087577779461,0,9.935046,3.0,0,0,2
VM2_766226177,2023-04-24 17:46:44.000000000,1,0,292,4.401140486951472,15.933333333333334,16.573332377641528,17.2941500843013,26.33950817987375,4,0.9088553323528809,0.0658995815899581,13,2.9537798301468627,0.6336887791771667,3,13.936001,3.0,0,0,0
VM2_773221850,2023-06-19 07:58:33.000000000,1,0,255,3.847362157431331,13.2,17.488009806506053,18.83381530443068,41.31164578841177,5,1.2995917190541326,0.1098484848484848,6,1.5595100628649592,0.9049799690461848,9,10.72,3.0,3,0,0
VM2_774560003,2023-04-26 06:56:36.000000000,1,0,299,3.930901193616997,15.483333333333333,15.232771040927007,17.715983834877207,27.317253803218183,7,1.7807621344862623,0.1571582346609257,7,1.7807621344862623,0.8194946628859747,10,11.792,3.0,0,0,0
VM2_776163594,2023-01-24 07:58:42.000000000,1,0,255,3.8919606227908647,13.05,17.894071828923515,19.47235406452023,30.492366505990123,2,0.5138798137597371,0.1047254150702426,8,2.0555192550389485,0.6263328631552836,5,12.864,3.0,0,0,0
VM2_77635060,2023-06-17 17:59:34.000000000,1,0,394,6.911064967028411,20.133333333333333,20.595888974587982,21.8495394679952,32.38312278152156,5,0.723477499322348,0.0745033112582781,7,1.0128684990512873,0.7130837343159666,5,10.72,3.0,0,0,0
VM2_777995343,2023-02-18 18:15:16.000000000,1,0,539,8.225967638898801,27.616666666666667,17.871746228144648,19.700548933959915,29.848799768717203,9,1.0940962078966818,0.1207000603500301,10,1.2156624532185354,0.628170394254536,6,11.792,3.0,0,0,0
VM2_787953132,2023-02-03 09:20:48.000000000,1,0,178,2.5042451762642286,8.983333333333333,16.725941808072772,19.454768768497136,32.76087079005798,5,1.9966096160995213,0.1576994434137291,3,1.1979657696597128,0.869388230832024,5,7.504,3.0,0,0,0
VM2_792118715,2023-03-13 18:21:09.000000000,1,0,113,1.3530509762105478,5.633333333333334,14.411193829461457,14.85294183526062,22.49474796349647,1,0.7390704545372504,0.0355029585798816,4,2.9562818181490016,0.5467569932560868,1,6.432,3.0,0,0,0
VM2_79363703,2023-01-26 08:24:43.000000000,1,0,241,3.8909297977848345,12.533333333333331,18.626791585140165,19.67856403488364,29.39209955641183,5,1.2850398901688167,0.0731382978723404,10,2.5700797803376334,0.678163936538135,4,11.792,3.0,0,0,0
VM2_798016822,2023-06-19 11:37:17.000000000,3,0,787,10.802139033183634,39.46666666666667,16.42217082747512,18.405360591677653,23.36825124724693,11,1.0183168320837703,0.1106418918918918,8,0.7405940596972875,0.2765321493498842,0,1.8,3.0,0,0,2
VM2_80448881,2023-01-07 18:48:04.000000000,1,0,220,3.601502097690932,11.2,19.29376123762999,19.555287506612384,30.553537939107315,1,0.2776619235182843,0.0223214285714285,16,4.4425907762925485,0.6196915927642331,1,11.792,3.0,0,0,0
VM2_815820122,2023-06-15 08:51:09.000000000,2,5,475,8.217176668005694,24.116666666666667,20.44356323760919,23.64315519989932,30.203116342162577,10,1.2169630037207169,0.1402902557014513,11,1.3386593040927883,0.3436469482191607,0,3.216,3.0,2,0,2
VM2_816947087,2023-06-18 19:49:41.000000000,1,0,254,3.1435977911533497,14.1,13.377011877248297,14.923068570799453,21.06356496324979,5,1.5905342642977105,0.1548463356973995,10,3.181068528595421,0.4029028759698631,1,11.3627455,3.0,1,0,1
VM2_82305700,2023-06-05 10:16:14.000000000,1,4,481,6.194306263598159,24.266666666666666,15.31559240999545,16.856646112661068,24.947181744966077,7,1.1300700517726463,0.0934065934065934,7,1.1300700517726463,0.2388559305340228,0,1.5,3.0,0,0,1
VM2_826393258,2023-06-10 15:21:32.000000000,1,5,2061,22.90854205492276,103.58333333333331,13.269630152489452,16.78404975118048,22.356075271714754,42,1.8333772572390623,0.2176991150442478,27,1.178599665367969,0.3078685725001184,1,5.4381437,3.0,0,0,1
VM2_840211476,2023-01-31 08:39:57.000000000,1,0,194,3.1235792570637004,10.216666666666669,18.344021738057624,18.3345957305883,25.8542137561261,0,0.0,0.0048939641109298,9,2.881309952243821,0.558854694299558,1,10.72,3.0,0,0,0
VM2_842571858,2023-06-28 06:34:03.000000000,1,0,291,3.370801486857244,14.483333333333333,13.96419488226246,15.020137787413432,20.097222161167554,2,0.5933306982917863,0.0736478711162255,11,3.263318840604825,0.2788092036395163,0,2.9,3.0,0,0,1
VM2_845848663,2023-03-23 22:55:52.000000000,1,0,305,5.278041278593912,15.466666666666669,20.47516013247638,20.5712029438072,32.04973846046064,1,0.1894642249305036,0.0129310344827586,13,2.463034924096548,0.6501571390502902,4,11.792,3.0,0,0,0
VM2_846775049,2023-06-20 20:24:12.000000000,0,0,389,4.476891290596996,19.816666666666663,13.554927372707471,15.16792779682789,22.045485162676982,7,1.5635849846750571,0.1160639192598822,3,0.6701078505750245,0.277277319424679,0,4.5,3.0,1,0,1
VM2_850092413,2023-06-01 09:38:05.000000000,1,4,95,1.070941757900028,5.2,12.357020283461862,14.609109227553208,21.597659229061417,5,4.668787973871076,0.1698717948717948,0,0.0,0.2960192111661498,0,1.7,3.0,0,0,1
VM2_854953396,2023-05-15 10:19:41.000000000,0,0,336,5.542786955186438,17.05,19.505408639952275,19.957257709143825,27.04900036233752,1,0.1804146556750283,0.0234604105571847,12,2.16497586810034,0.2473633789790751,0,4.0,3.0,0,0,2
VM2_867978619,2023-04-16 12:02:18.000000000,1,0,473,7.564386631271672,24.48333333333333,18.53763912360655,19.232175214727977,31.05369016251145,6,0.7931905509953187,0.0599046970728386,20,2.643968503317729,0.7197887476122218,6,11.792,3.0,0,0,0
VM2_874470260,2023-06-12 06:01:29.000000000,0,0,187,3.068881757995575,9.483333333333333,19.416475094523847,21.101310616205676,27.90761719665496,2,0.6517031797622239,0.086115992970123,1,0.3258515898811119,0.3751575401766213,0,4.5,3.0,0,0,2
VM2_878842443,2023-02-03 17:01:59.000000000,1,0,219,2.8187417128935524,11.3,14.966770156956915,17.021132541483215,23.412826742389445,5,1.7738411352586465,0.1283185840707964,20,7.095364541034585,0.476458169238007,1,11.792,3.0,0,0,0
VM2_881363014,2023-05-05 16:19:47.000000000,1,0,481,7.304649314840818,24.65,17.780079468172378,19.631219125723096,32.79398546688346,6,0.8213946681615272,0.110209601081812,30,4.106973340807635,0.704706877953821,9,9.648001,3.0,0,0,0
VM2_883140958,2023-06-08 10:06:29.000000000,1,0,170,2.5692663042856108,8.633333333333333,17.855904817428957,20.11572543199929,35.08383675015021,3,1.16764852090105,0.1216216216216216,2,0.7784323472673665,0.8707127993831109,3,9.1120005,3.0,0,0,0
VM2_88623029,2023-06-07 15:02:56.000000000,1,2,246,3.312743468730544,12.333333333333334,16.116049307337782,16.141126338952613,22.644097487402924,0,0.0,0.0,16,4.829833686497693,0.4391690746537209,1,3.7,3.0,2,0,0
VM2_895887393,2023-03-23 15:52:39.000000000,1,0,191,2.387260399331416,9.783333333333331,14.6407792803971,17.541637016756336,25.050865856186924,5,2.0944510290541896,0.1856899488926746,4,1.675560823243352,0.4845311655358865,1,9.648001,3.0,0,0,1
VM2_897065392,2023-02-06 07:54:03.000000000,1,0,307,3.910702217452895,15.833333333333334,14.819503139821498,15.661750362886544,21.55273660683268,3,0.7671256549812043,0.0547368421052631,8,2.0456684132832117,0.3487290629060795,0,12.864,3.0,0,0,1
VM2_906517773,2023-06-04 10:01:37.000000000,1,4,2748,22.43740845955755,139.08333333333334,9.679409281534712,16.102900372763525,22.13793861411773,36,1.6044633703971842,0.4083882564409826,19,0.8468001121540695,0.1402276045825392,0,2.5,3.0,0,0,1
VM2_912840447,2023-05-15 16:57:06.000000000,1,5,1233,19.605712136934844,62.1,18.94271704051676,21.78179669330514,29.170451864489262,21,1.0711164100200412,0.1285560923242082,12,0.6120665200114521,0.3090418437067706,0,2.1,3.0,0,0,2
VM2_913065579,2023-06-13 14:13:05.000000000,1,5,374,2.9991866981560444,18.816666666666663,9.563394254527688,14.09419071797286,18.909860569907316,10,3.3342372471004174,0.3330380868024801,2,0.6668474494200834,0.2142765600818195,0,4.69083955,3.0,0,0,1
VM2_916511876,2023-04-30 17:24:43.000000000,1,0,77,1.3832016881689284,4.183333333333334,19.83874931238304,22.41048061714638,44.25819292945018,1,0.7229603669178515,0.1195219123505976,6,4.3377622015071085,0.968573817986768,2,10.72,3.0,0,0,0
VM2_918747522,2023-05-08 08:29:15.000000000,1,5,927,16.675585950574824,46.78333333333333,21.38657264769126,25.923757320612733,35.62806007738899,18,1.0794223395418092,0.1813323833273958,4,0.2398716310092909,0.2933048398896185,0,3.216,3.0,0,0,2
VM2_940248494,2023-06-22 08:45:19.000000000,1,4,100,1.0740244246434498,5.0,12.888293095721398,15.18466963890054,19.91490558356475,2,1.862155044252324,0.16,1,0.931077522126162,0.286717814235183,0,2.05,3.0,0,0,1
VM2_947160719,2023-05-29 19:52:02.000000000,1,0,152,2.303808391038681,7.65,18.069085419911225,20.022429648762625,31.176178053181864,5,2.1703193804870766,0.1111111111111111,16,6.945022017558645,0.676459208662291,1,3.8,3.0,0,0,0
VM2_958879076,2023-02-03 16:38:57.000000000,1,0,77,1.062126043674145,3.9,16.340400671909926,16.974348614226926,26.445315167383114,1,0.9415078426480944,0.0427350427350427,7,6.59055489853666,0.5649941044121901,0,10.72,3.0,0,0,0
VM2_964049573,2023-06-06 12:04:56.000000000,1,0,42,0.4476318487812875,2.066666666666667,12.995763351714798,13.215608090639831,25.388529086726876,0,0.0,0.0241935483870967,2,4.467957330214897,0.4523817127462218,0,2.7,3.0,0,0,0
VM2_965513272,2023-06-29 08:57:33.000000000,1,0,153,2.188629169370914,7.766650001207988,16.907901108177956,19.958396889882504,31.85375462421702,6,2.741442033199532,0.1630883329377503,6,2.741442033199532,0.5667852333141608,1,6.0,3.0,0,0,0
VM2_966438913,2023-06-14 18:37:44.000000000,0,0,414,7.443093656731361,20.75,21.522198525488275,23.39083166860652,30.47042867726577,7,0.94046915474043,0.0827309236947791,3,0.40305820917447,0.3145140769024265,0,4.26589175,3.0,1,0,2
VM2_966842840,2023-06-17 15:49:14.000000000,1,0,64,0.8093428549155769,3.1666666666666665,15.334917251031984,20.310804584601332,30.30089337624361,3,3.7067109220516095,0.2526315789473684,2,2.471140614701073,0.5572999027432377,0,5.2854595,3.0,3,0,0
VM2_97752916,2023-03-23 18:07:50.000000000,1,0,301,4.702909084259545,15.433333333333334,18.28344784377361,19.852497878036548,31.5226007560675,6,1.2758060792801136,0.0982721382289416,9,1.9137091189201705,0.7392369983440047,9,11.792,3.0,0,0,0
VM2_978401826,2023-04-06 17:39:21.000000000,1,0,256,3.643375473191136,13.0,16.81557910703601,18.034505722905923,26.56903553251389,3,0.8234122511047097,0.082051282051282,4,1.0978830014729462,0.5396966059956725,3,11.792,3.0,0,0,0
VM2_980474701,2023-06-03 09:46:10.000000000,1,0,80,1.1637567102762063,4.033333333333333,17.31208329336506,18.70830614400933,25.99263822066023,2,1.718572260283955,0.0991735537190082,3,2.5778583904259325,0.7135567344158067,2,10.331869,3.0,2,0,0
VM2_990517970,2023-02-01 10:18:47.000000000,1,0,230,3.917891517914415,12.25,19.189672740805296,19.69356125551528,33.010370596900614,2,0.5104786569140757,0.0571428571428571,7,1.7866752991992652,0.7150832206200296,3,9.648001,3.0,0,0,0
VM2_991842078,2023-06-16 16:41:50.000000000,1,0,164,2.4017987283241298,8.266666666666667,17.4324101249332,18.806636572051648,32.94294896092185,4,1.665418485249605,0.0866935483870967,6,2.498127727874408,0.7914059244801338,5,10.72,3.0,0,0,0
VM2_999918958,2023-06-07 14:47:19.000000000,0,0,302,3.741074652474336,15.333333333333334,14.638987770551752,16.933063160405414,24.11908001228057,4,1.0692114890983029,0.1489130434782608,9,2.405725850471181,0.2719960646651219,0,4.5,3.0,0,0,1
